descrizione_farmacia,indirizzo,comune,provincia,sigla_provincia,cap,categoria,latitudine,longitudine
FARINOLA DOMENICO,"Via Pascoli, 4",AFFI,VERONA,VR,37010,Privata,45.5523262221029,10.7882430736366
FARINOLA DOMENICO,"Via Danzia, 3",AFFI,VERONA,VR,37010,Privata,45.5523262221029,10.7882430736366
COMUNALE,"Via Gennari, 28",ALBAREDO D'ADIGE,VERONA,VR,37041,Privata,45.2751072,11.2885084
COMUNALE CORIANO,"Via Gennari, 28",ALBAREDO D'ADIGE,VERONA,VR,37041,Privata,45.2751072,11.2885084
EREDI GIUSTI DI GIUSTI DR.SSA SABRINA,"Piazza Vittorio Emanuele, 3",ALBAREDO D'ADIGE,VERONA,VR,37041,Privata,45.3177250282275,11.2672125545492
FARMACIA ALBAREDO GENNARI,"Via Gennari, 28",ALBAREDO D'ADIGE,VERONA,VR,37041,Privata,45.2751072,11.2885084
Farmacia Giusti S.a.s. Della Dr.ssa Sabrina Giusti & C.,"Piazza Vittorio Emanuele, 3",ALBAREDO D'ADIGE,VERONA,VR,37041,Privata,45.3177250282275,11.2672125545492
GIUSTI GIANNANTONIO,"Piazza Vittorio Emanuele, 3",ALBAREDO D'ADIGE,VERONA,VR,37041,Privata,45.3177250282275,11.2672125545492
Lafarmacia.Giusti S.r.l.,"Piazza Vittorio Emanuele, 3",ALBAREDO D'ADIGE,VERONA,VR,37041,Privata,45.3177250282275,11.2672125545492
SEGALA SNC DI DR. SEGALA M. E CAGALI SNC,"Via Vittorio Veneto, 9",ANGIARI,VERONA,VR,37050,Privata,45.2230360429645,11.2680437184937
SEGALA SNC DI DR. SEGALA M. E CAGALI SNC,"Largo Buss, 890",ANGIARI,VERONA,VR,37050,Privata,45.2230360429645,11.2680437184937
Segala Snc Di Dr. Segala M. E Cagali Snc,"Largo BussÃ¨, 890",ANGIARI,VERONA,VR,37050,Privata,45.2230360429645,11.2680437184937
COMUNALE GAZZOLO,"Via Chiesa, 57",ARCOLE,VERONA,VR,37040,Privata,45.3188314998988,11.2741812705201
FAR.CO SPA GAZZOLO,"Via Chiesa, 57",ARCOLE,VERONA,VR,37040,Privata,45.3188314998988,11.2741812705201
FAR.CO. SPA - COMUNALE ARCOLE,"Via Casalveghe, 10",ARCOLE,VERONA,VR,37040,Privata,45.3188314998988,11.2741812705201
GAZZOLO - FAR.CO. SPA,"Via Chiesa, 57",ARCOLE,VERONA,VR,37040,Privata,45.3188314998988,11.2741812705201
ZORZI ANNA CHIARA E CARLO SNC,"Via Padovana, 104",ARCOLE,VERONA,VR,37040,Privata,45.3714557782747,11.2849361871856
ZORZI FRANCO GIUSEPPE,"Via Padovana, 104",ARCOLE,VERONA,VR,37040,Privata,45.3714557782747,11.2849361871856
ALLEGRI - INFANTI,"Via Cesare Battisti, 13",BADIA CALAVENA,VERONA,VR,37030,Privata,45.5755945496598,11.1550306006646
ALLA MADONNA,"Piazza Aldo Moro, 1",BARDOLINO,VERONA,VR,37011,Privata,45.5406249319967,10.6961735967834
Farmacia Alla Madonna di dott. Peron Pier Luigi,"Via CROCE, 35",BARDOLINO,VERONA,VR,37011,Privata,45.5406249319967,10.6961735967834
NICOLI GIOVANNI,"Via Guglielmo Marconi, 52",BELFIORE,VERONA,VR,37050,Privata,45.37890805,11.20726635
NICOLI GIOVANNI,"Via Monti Lessini, 4",BELFIORE,VERONA,VR,37050,Privata,45.37890805,11.20726635
SACCOMAN ARMIDA,"Via Roma, 239",BEVILACQUA,VERONA,VR,37040,Privata,45.2325743368713,11.3994533427692
SACCOMAN ARMIDA,"Via Roma, 35",BEVILACQUA,VERONA,VR,37040,Privata,45.2325743368713,11.3994533427692
ZERBINATO ERIKA,"Via Roma, 239",BEVILACQUA,VERONA,VR,37040,Privata,45.2325743368713,11.3994533427692
PAVAN GIANFRANCO,"Via Roma, 10",BONAVIGO,VERONA,VR,37040,Privata,45.257908419347,11.2751568568934
PAVAN GIANFRANCO & FIGLI SNC,"Via Roma, 10",BONAVIGO,VERONA,VR,37040,Privata,45.257908419347,11.2751568568934
FARMACIA DEL DOTT. STEFANO ORLANDO,"Piazza SANT'ANNA, 18",BOSCHI SANT'ANNA,VERONA,VR,37040,Privata,45.2086037442146,11.3674621490275
FERIOTTO ADAMO,"Via Caseggiato, 5",BOSCHI SANT'ANNA,VERONA,VR,37040,Privata,45.2086037442146,11.3674621490275
FERIOTTO DEL DOTT. STEFANO ORLANDO,"Via Caseggiato, 5",BOSCHI SANT'ANNA,VERONA,VR,37040,Privata,45.2086037442146,11.3674621490275
LESSINA,"Piazza della Chiesa, 22/26",BOSCO CHIESANUOVA,VERONA,VR,37021,Privata,45.6221356561664,11.0297134795335
ZONATO,"Piazza della Chiesa, 22/26",BOSCO CHIESANUOVA,VERONA,VR,37021,Privata,45.6221356561664,11.0297134795335
BORDOGNA,"Via Giuseppe Garibaldi, 17",BOVOLONE,VERONA,VR,37051,Privata,45.2650764979259,11.117243867453
FARMACIA BORDOGNA DI BORDOGNA DR.EMILIO S.A.S,"Via Giuseppe Garibaldi, 17",BOVOLONE,VERONA,VR,37051,Privata,45.2650764979259,11.117243867453
Farmacia Isalberti Snc di Steccanella Alfonso e Fabio,"Piazza Vittorio Emanuele, 15",BOVOLONE,VERONA,VR,37051,Privata,45.2650764979259,11.117243867453
ISALBERTI,Piazza Martiri della Liberta`,BOVOLONE,VERONA,VR,37051,Privata,45.2650764979259,11.117243867453
ISALBERTI,"Piazza Vittorio Emanuele, 15",BOVOLONE,VERONA,VR,37051,Privata,45.2650764979259,11.117243867453
ISALBERTI DOTT. STECCANELLA GIAN ANTONIO S.N.C.,"Piazza Vittorio Emanuele, 15",BOVOLONE,VERONA,VR,37051,Privata,45.2650764979259,11.117243867453
MELA GIUSEPPE,"Via Villafontana, 30",BOVOLONE,VERONA,VR,37051,Privata,45.2650764979259,11.117243867453
MELA GIUSEPPE,"Via Villafontana, 100",BOVOLONE,VERONA,VR,37051,Privata,45.2650764979259,11.117243867453
Farmacia Zaccaria sas di Luciani E. e Nigri M.,"Via Cristoforo Colombo, 18",BRENZONE,VERONA,VR,37010,Privata,45.699891,10.760578
ZACCARIA MARIA LUCILLA,"Via Colombo, 10",BRENZONE,VERONA,VR,37010,Privata,45.699891,10.760578
BENINCASA,"Via A. De Gasperi, 31",BUSSOLENGO,VERONA,VR,37012,Privata,45.4691080777116,10.8506561479486
BENINCASA DR. STEFANO,"Via A. De Gasperi, 31",BUSSOLENGO,VERONA,VR,37012,Privata,45.472546,10.84625
CENTRALE,"Piazza Libert, 12",BUSSOLENGO,VERONA,VR,37012,Privata,45.4748409,10.847063
CENTRALE,"Piazza LibertÃ , 12",BUSSOLENGO,VERONA,VR,37012,Privata,45.4748409,10.847063
CENTRALE,Piazza LibertÂ¿12,BUSSOLENGO,VERONA,VR,37012,Privata,45.4748409,10.847063
COMUNALE SAN VALENTINO,"Largo Salvo D'Acquisto, 16/17",BUSSOLENGO,VERONA,VR,37012,Privata,45.4691080777116,10.8506561479486
Centrale,"Piazza LibertÃ , 12",BUSSOLENGO,VERONA,VR,37012,Privata,45.4748409,10.847063
FARMACIA FIDES S.A.S. DEL DOTT. MATTEO ZULIANO,"Via ALCIDE DE GASPERI, 31",BUSSOLENGO,VERONA,VR,37012,Privata,45.4691080777116,10.8506561479486
FARMACIA FIDES S.N.C. DEL DOTT. MATTEO ZULIANI,"Via ALCIDE DE GASPERI, 31",BUSSOLENGO,VERONA,VR,37012,Privata,45.4691080777116,10.8506561479486
PRECERUTI MATTEO  E C S.A.S.,"Via Piemonte, 81/B",BUSSOLENGO,VERONA,VR,37012,Privata,45.4695395683582,10.8987589858485
S. ANTONIO,"Via Alcide De Gasperi, 38",BUSSOLENGO,VERONA,VR,37012,Privata,45.4691080777116,10.8506561479486
S. ANTONIO,"Via A. De Gasperi, 31",BUSSOLENGO,VERONA,VR,37012,Privata,45.4691080777116,10.8506561479486
SAN VALENTINO DR. LEQUAGLIE LUIGI,"Largo Salvo D'Acquisto, 16/17",BUSSOLENGO,VERONA,VR,37012,Privata,45.4691080777116,10.8506561479486
SEGALA SNC,"Via Gardesana, 23/b",BUSSOLENGO,VERONA,VR,37012,Privata,45.4691080777116,10.8506561479486
SEGALA SNC,"Via Verona, 14",BUSSOLENGO,VERONA,VR,37012,Privata,45.4691080777116,10.8506561479486
SEGALA SNC,"Via Monte Sabotino, 6",BUSSOLENGO,VERONA,VR,37012,Privata,45.4691080777116,10.8506561479486
TITTON PAOLA,"Via Piemonte, 81/B",BUSSOLENGO,VERONA,VR,37012,Privata,45.4695395683582,10.8987589858485
MANFRINI SNC,"Piazza Roma, 41",BUTTAPIETRA,VERONA,VR,37060,Privata,45.3412264540975,10.9992865294749
FARMACIA ANTICHE TERME DI CALDIERO SAS,"Via Stra', 50",CALDIERO,VERONA,VR,37042,Privata,45.4075299656401,11.1705712979781
REBONATO ENZO & C. SNC,"Via Stra', 50",CALDIERO,VERONA,VR,37042,Privata,45.4075299656401,11.1705712979781
AGOSTI CAROLINA,"Piazza S. Marco, 4",CAPRINO VERONESE,VERONA,VR,37013,Privata,45.6033652222594,10.794870033725
AGOSTI CAROLINA,"Via San Pancrazio, 4",CAPRINO VERONESE,VERONA,VR,37013,Privata,45.6033652222594,10.794870033725
AMBROSINI DANIELE,"Via Roma, 18",CAPRINO VERONESE,VERONA,VR,37013,Privata,45.6188722326984,10.8032267882098
Farmacia Agosti dott.ssa Manara Giuliana,"Via S. Pancrazio, 3",CAPRINO VERONESE,VERONA,VR,37013,Privata,45.6033652222594,10.794870033725
Farmacia Agosti dott.ssa Manara Giuliana,"Piazza S. Marco, 4",CAPRINO VERONESE,VERONA,VR,37013,Privata,45.6033652222594,10.794870033725
SARTORI SILVIA,"Via S. Luigi, 175",CAPRINO VERONESE,VERONA,VR,37010,Privata,45.5996404924491,10.7579592553586
"SARTORI SNC DEI DOTTORI CHIARA,SILVIA E STEFANO SARTORI","Via S. Luigi, 175",CAPRINO VERONESE,VERONA,VR,37013,Privata,45.5996404924491,10.7579592553586
Farmacia Fides S.n.c. Della Dott.ssa Elvina Margutti,"Via Vittorio Veneto, 43",CASALEONE,VERONA,VR,37052,Privata,45.1698889128696,11.2001030391147
Farmacia Lodi Davide S.a.s. Del Dott. Davide Lodi,"Via Vittorio Veneto, 43",CASALEONE,VERONA,VR,37052,Privata,45.1698889128696,11.2001030391147
LODI DAVIDE,"Via Vittorio Veneto, 49",CASALEONE,VERONA,VR,37052,Privata,45.1698889128696,11.2001030391147
FARMACIA SAN MARTINO S.A.S. DELDOTT. MAURO TASSO E C.,"Via Dante Alighieri, 200",CASTAGNARO,VERONA,VR,37043,Privata,45.0906893378897,11.4043273123859
MONTAGNA,"Via Dante Alighieri, 40",CASTAGNARO,VERONA,VR,37043,Privata,45.0906893378897,11.4043273123859
S. NICOLA,"Via Dante Alighieri, 168",CASTAGNARO,VERONA,VR,37043,Privata,45.0906893378897,11.4043273123859
SAN NICOLA S.A.S.,"Via Dante Alighieri, 200",CASTAGNARO,VERONA,VR,37043,Privata,45.0906893378897,11.4043273123859
PACI VINICIO,"Via Marconi, 126",CASTEL D'AZZANO,VERONA,VR,37060,Privata,45.3567754821458,10.9461656590911
PACI VINICIO,"Piazza Gilardoni, 4",CASTEL D'AZZANO,VERONA,VR,37060,Privata,45.3567754821458,10.9461656590911
SARTORI PAOLA,"Via Marconi, 42",CASTEL D'AZZANO,VERONA,VR,37060,Privata,45.3567754821458,10.9461656590911
CASTELNUOVO DI LANZA CAMILLA,"Via D'annunzio, 6/10",CASTELNUOVO DEL GARDA,VERONA,VR,37014,Privata,45.4455874886271,10.7411521007093
CASTELNUOVO DI LANZA CAMILLA,"Piazza della Libert, 10",CASTELNUOVO DEL GARDA,VERONA,VR,37014,Privata,45.4455874886271,10.7411521007093
CASTELNUOVO DI LANZA CAMILLA,"Via D'Annunzio, 6",CASTELNUOVO DEL GARDA,VERONA,VR,37014,Privata,45.4455874886271,10.7411521007093
CASTELNUOVO SNC DI PAZZI ALBERTO E C. SNC,"Via Guglielmo Marconi, 11",CASTELNUOVO DEL GARDA,VERONA,VR,37014,Privata,45.4455874886271,10.7411521007093
CAVALCASELLE DELLA DR.SSA CORNA ELISABETTA,"Via XX Settembre, 32",CASTELNUOVO DEL GARDA,VERONA,VR,37010,Privata,45.4377971246653,10.7270914125601
CAVALCASELLE DELLA DR.SSA CORNA ELISABETTA,"Via XX Settembre, 99",CASTELNUOVO DEL GARDA,VERONA,VR,37010,Privata,45.4377971246653,10.7270914125601
Castelnuovo Di Lanza Camilla,"Piazza Della LibertÃ , 10",CASTELNUOVO DEL GARDA,VERONA,VR,37014,Privata,45.4455874886271,10.7411521007093
FARMACIA CASTELNUOVO SRL,"Piazza Della LibertÃ , 10",CASTELNUOVO DEL GARDA,VERONA,VR,37014,Privata,45.4455874886271,10.7411521007093
FARMACIA PIETROPOLI DOTT. ALESSIO,"Via Emilio Salgari, 5",CASTELNUOVO DEL GARDA,VERONA,VR,37014,Privata,45.4455874886271,10.7411521007093
FRATELLI PIETROPOLI SNC,"Via Emilio Salgari, 5",CASTELNUOVO DEL GARDA,VERONA,VR,37014,Privata,45.4455874886271,10.7411521007093
Farmacia Pietropoli Dott. Alessio,"Via Emilio Salgari, 5",CASTELNUOVO DEL GARDA,VERONA,VR,37014,Privata,45.4455874886271,10.7411521007093
CHIMICA ORLANDI,"Via Gerolamo Fracastoro, 1/ I",CAVAION VERONESE,VERONA,VR,37010,Privata,45.5314569312134,10.7796350809754
DAL COLLE GIULIANA,"Piazza Matteotti, 41",CAZZANO DI TRAMIGNA,VERONA,VR,37030,Privata,45.4846160368132,11.212409173769
ALLA CONCEZIONE,"Piazza Giacomo Matteotti, 1",CEREA,VERONA,VR,37053,Privata,45.1934462437939,11.2114500502051
Albertini Germano,"Via Municipio, 4",CEREA,VERONA,VR,37053,Privata,45.1921085938729,11.2120696260264
Albertini Michela,"Via Municipio, 4",CEREA,VERONA,VR,37053,Privata,45.1921085938729,11.2120696260264
BELLINI MARIA GRAZIA,"Strada provinciale - Via Isolella, 52",CEREA,VERONA,VR,37053,Privata,45.2186166,11.1740714
BELLINI MARIA GRAZIA,"Piazza Alessandro Manzoni, 13",CEREA,VERONA,VR,37053,Privata,45.2186166,11.1740714
CHERUBINE DELLA DR.SSA GIOVANNA TADDEI,"Via Leopardi, 18",CEREA,VERONA,VR,37050,Privata,45.192804,11.2116403
DE STEFFANI DI MARIA PAOLA & CLAUDIA GIOVANNA ALBERTI SNC,"Piazza Giacomo Matteotti, 5",CEREA,VERONA,VR,37053,Privata,45.1934462437939,11.2114500502051
DESTEFANI MARIA & CLAUDIA ALBERTI,"Piazza Giacomo Matteotti, 5",CEREA,VERONA,VR,37053,Privata,45.1934462437939,11.2114500502051
FARMACIA DE STEFFANI ADELE DI ZACCARIA DR.SSA GIORGIA PAOLA,"Piazza Giacomo Matteotti, 1",CEREA,VERONA,VR,37053,Privata,45.1934462437939,11.2114500502051
MAINIERI,"Via Lessini, 52",CERRO VERONESE,VERONA,VR,37020,Privata,45.5805967610169,11.0411422926855
MAINIERI SNC DI MAINIERI ELVIRA E VINCENZO,"Via Lessini, 52",CERRO VERONESE,VERONA,VR,37020,Privata,45.5805967610169,11.0411422926855
MAINIERI SNC DI MAINIERI ELVIRA E VINCENZO,"Piazzale Alferia, 1",CERRO VERONESE,VERONA,VR,37020,Privata,45.5805967610169,11.0411422926855
S. RITA,"Via Lessini, 7",CERRO VERONESE,VERONA,VR,37020,Privata,45.5805967610169,11.0411422926855
AL POMO D'ORO,"Via Cavour, 66-68",COLOGNA VENETA,VERONA,VR,37044,Privata,45.310686045726,11.3855595442803
CENTRALE,"Piazza Giuseppe Garibaldi, 3",COLOGNA VENETA,VERONA,VR,37044,Privata,45.3091330820173,11.3992313478566
CENTRALE SAS DELLA DR.SSA MARCHESIN DANIELA,"Piazza Giuseppe Garibaldi, 3",COLOGNA VENETA,VERONA,VR,37044,Privata,45.3091330820173,11.3992313478566
FARMACIA CENTRALE S.R.L.,"Piazza Giuseppe Garibaldi, 3",COLOGNA VENETA,VERONA,VR,37044,Privata,45.3091330820173,11.3992313478566
Farmacia Olivato S.R.L.,"Viale Del Lavoro, 1/a",COLOGNA VENETA,VERONA,VR,37044,Privata,45.30945,11.384547
Farmacia Olivato S.n.c. Di Olivato Stefano,"Viale Del Lavoro, 1/a",COLOGNA VENETA,VERONA,VR,37044,Privata,45.30945,11.384547
OLIVATO CLAUDIO,"Via Guglielmo Marconi, 11",COLOGNA VENETA,VERONA,VR,37044,Privata,45.30945,11.384547
OLIVATO SNC,"Via Guglielmo Marconi, 11",COLOGNA VENETA,VERONA,VR,37044,Privata,45.30945,11.384547
OLIVATO SNC DI OLIVATO SARA E STEFANO,"Via Guglielmo Marconi, 11",COLOGNA VENETA,VERONA,VR,37044,Privata,45.30945,11.384547
RUFFO ROBERTO,"Via Borgo Grande, 2",COLOGNA VENETA,VERONA,VR,37044,Privata,45.310686045726,11.3855595442803
FARMACIA COMUNALE SAN BIAGIO,"Via Stra', 47/48/49",COLOGNOLA AI COLLI,VERONA,VR,37030,Privata,45.41492299999999,11.183138
FARMACIA MARTELLETTO SNC,"Via Montanara, 32",COLOGNOLA AI COLLI,VERONA,VR,37030,Privata,45.433688,11.184292
FARMACIA SAN BIAGIO,"Via Stra', 47",COLOGNOLA AI COLLI,VERONA,VR,37030,Privata,45.41492299999999,11.183138
Farmacia San Biagio,"Via Stra', 47",COLOGNOLA AI COLLI,VERONA,VR,37030,Privata,45.41492299999999,11.183138
MARTELLETTO & C. SNC,"Via Montanara, 32",COLOGNOLA AI COLLI,VERONA,VR,37030,Privata,45.433688,11.184292
MARTELLETTO & C. SNC,"Piazza Trento, 8",COLOGNOLA AI COLLI,VERONA,VR,37030,Privata,45.433688,11.184292
MARTELLETTO SNC,"Via Montanara, 26",COLOGNOLA AI COLLI,VERONA,VR,37030,Privata,45.433688,11.184292
ZANZONI IGINO,"Via Capitello, 24",CONCAMARISE,VERONA,VR,37050,Privata,45.2187223461875,11.1240569467675
COSTERMANO,"Viale della Repubblica, 1",COSTERMANO,VERONA,VR,37010,Privata,45.5869010106581,10.746005404891
FRANCHETTO FRANCA,"Via Brennero, 303",DOLCE',VERONA,VR,37020,Privata,45.6205809542222,10.8779009255939
NIKLA SRL,"Via Brennero, 303",DOLCE',VERONA,VR,37020,Privata,45.6205809542222,10.8779009255939
VALDADIGE DI STERZA LUCA E RENSI GIACOMO SNC,"Via Brennero, 303",DOLCE',VERONA,VR,37020,Privata,45.6205809542222,10.8779009255939
FERRARESI - S.GIOVANNI BATTISTA,"Via XXV Aprile, 11",ERBE',VERONA,VR,37060,Privata,45.2432833133422,10.9742040674508
LESSINI,"Piazza della Posta, 2",ERBEZZO,VERONA,VR,37020,Privata,45.6367306,11.0010699
LESSINI,"Via ROMA, 64",ERBEZZO,VERONA,VR,37020,Privata,45.6367306,11.0010699
BRAGHETTA EMILIO,"Viale Verona, 27",FUMANE,VERONA,VR,37022,Privata,45.5378412892902,10.8858044589659
BRAGHETTA SNC,"Viale Verona, 71",FUMANE,VERONA,VR,37022,Privata,45.5378412892902,10.8858044589659
DEL GARDA DI GOTTARDI DR. NELLO,"Corso Italia, 78",GARDA,VERONA,VR,37016,Privata,45.576379993156,10.7071456055301
COMUNALE MATTIOLI,"Piazza Maccacari, 66",GAZZO VERONESE,VERONA,VR,37060,Privata,45.1418268056576,11.1375058811755
COMUNALEDR.SSA  MATTIOLI S.P.A.,"Piazza Maccacari, 66",GAZZO VERONESE,VERONA,VR,37060,Privata,45.1418268056576,11.1375058811755
SABINI CARLO,"Via Roma, 5",GAZZO VERONESE,VERONA,VR,37060,Privata,45.1437186652237,11.1021736929778
SABINI CLAUDIA,"Via Roma, 19/21",GAZZO VERONESE,VERONA,VR,37060,Privata,45.1437186652237,11.1021736929778
DELL'ASSUNTA SNC,"Via Roma, 43",GREZZANA,VERONA,VR,37023,Privata,45.5201796035705,11.0160322017255
DELL'ASSUNTA SNC,Piazza Renat Gozzi,GREZZANA,VERONA,VR,37023,Privata,45.5201796035705,11.0160322017255
FARMACIA S. APOLLINARE DEL DOTT. MASSIMO CAPPI E C. SAS,"Piazza Udino Bombieri, 16",GREZZANA,VERONA,VR,37020,Privata,45.5475689317205,11.0186101382296
S. APOLLINARE SNC,"Piazza Udino Bombieri, 16",GREZZANA,VERONA,VR,37020,Privata,45.5475689317205,11.0186101382296
PORTIOLI ANTONIO,"Via Dante Alighieri, 26",ILLASI,VERONA,VR,37031,Privata,45.463053,11.1776319
CENTRALE,"Via Gracco Spaziani, 8",ISOLA DELLA SCALA,VERONA,VR,37063,Privata,45.2734701,11.0069889
CENTRALE - NERI,"Via Gracco Spaziani, 8",ISOLA DELLA SCALA,VERONA,VR,37063,Privata,45.2734701,11.0069889
FARMACIA MODERNA SNC,"Via Giuseppe Garibaldi, 1",ISOLA DELLA SCALA,VERONA,VR,37063,Privata,45.2782517944412,11.0223418335062
MODERNA DI NERI CRISTINA E C. SAS,"Via Giuseppe Garibaldi, 1",ISOLA DELLA SCALA,VERONA,VR,37063,Privata,45.2782517944412,11.0223418335062
MODERNA S.N.C. DI NERI C. E RIGHETTI G.,"Via Giuseppe Garibaldi, 1",ISOLA DELLA SCALA,VERONA,VR,37063,Privata,45.2782517944412,11.0223418335062
MODERNA S.N.C. DI NERI C. ERIGHETTI G.,"Via Giuseppe Garibaldi, 1",ISOLA DELLA SCALA,VERONA,VR,37063,Privata,45.2782517944412,11.0223418335062
SILVI DANIELA,"Via Abetone, 85",ISOLA DELLA SCALA,VERONA,VR,37063,Privata,45.2782517944412,11.0223418335062
BRONZOLO CARLA,"Via Ferrari , 61",ISOLA RIZZA,VERONA,VR,37050,Privata,45.3067480321355,11.1812883657619
BRONZOLO CARLA,"Via Roma, 4",ISOLA RIZZA,VERONA,VR,37050,Privata,45.3067480321355,11.1812883657619
CPHARMA SNC,"Via VIA LUIGI FERRARI, 61",ISOLA RIZZA,VERONA,VR,37050,Privata,45.3067480321355,11.1812883657619
MONTANARI SNC,"Via Niccolo' Copernico, 5",LAVAGNO,VERONA,VR,37030,Privata,45.4193267853546,11.1354709448434
MONTANARI SNC DI TURRA MARIA GRAZZIA,"Via Niccolo' Copernico, 5",LAVAGNO,VERONA,VR,37030,Privata,45.4193267853546,11.1354709448434
VANZAN DI BERTOLI LUISA E C. SNC,"Via Fontana, 44",LAVAGNO,VERONA,VR,37030,Privata,45.4291645659569,11.1365767977841
BENATI & C. SNC,"via A.Della Scala, 56",LAZISE,VERONA,VR,37017,Privata,45.50519999999999,10.73345
BENATI GUGLIELMO E C. SNC,"Piazza Vittorio Emanuele, 6/7",LAZISE,VERONA,VR,37017,Privata,45.50519999999999,10.73345
FACCI MASSIMO,"Via Peschiera, 8",LAZISE,VERONA,VR,37017,Privata,45.4607527405584,10.7177737791034
FACCI MASSIMO,"Piazza Sen. Alberti, 17",LAZISE,VERONA,VR,37017,Privata,45.4607527405584,10.7177737791034
FARMACIA LAZISE PESCHIERA,"Via Peschiera, 8",LAZISE,VERONA,VR,37017,Privata,45.4607527405584,10.7177737791034
Farmacia Pacengo s.r.l.,"Via Peschiera, 8",LAZISE,VERONA,VR,37017,Privata,45.4607527405584,10.7177737791034
ARFIERO GIORDANO,"Via Gioacchino Rossini, 18/A",LEGNAGO,VERONA,VR,37040,Privata,45.1654243007526,11.3016912809057
ARFIERO GIORDANO,"Via Pellini, 25",LEGNAGO,VERONA,VR,37040,Privata,45.1654243007526,11.3016912809057
BOCCHI ARMANDINO,"Via Minghetti, 9",LEGNAGO,VERONA,VR,37045,Privata,45.1936455881719,11.3104253210609
BONUZZI DARIO,"Via Gioacchino Rossini, 18/A",LEGNAGO,VERONA,VR,37040,Privata,45.1654243007526,11.3016912809057
BONUZZI DARIO,-,LEGNAGO,VERONA,VR,37040,Privata,45.1654243007526,11.3016912809057
COMUNALE PORTO,"Via Morgagni, 12",LEGNAGO,VERONA,VR,37045,Privata,45.1654243007526,11.3016912809057
COPPIARDI SNC DI COPPIARDI S. E L. SNC,"Via Padana Inferiore Ovest, 17",LEGNAGO,VERONA,VR,37045,Privata,45.1853214,11.2711305
FARMACIA ARFIERO S.A.S DEL DOTT.GIORDANO ARFIERO,"Via Pellini, 25",LEGNAGO,VERONA,VR,37040,Privata,45.1654243007526,11.3016912809057
FARMACIA MADONNA DELLA SALUTE DI SACCOMAN D.SSA CINZIA,"Piazza DELLA COSTITUZIONE, 21",LEGNAGO,VERONA,VR,37045,Privata,45.1654243007526,11.3016912809057
FARMACIA MADONNA DELLA SALUTE S.R.L.,"Piazza DELLA COSTITUZIONE, 21",LEGNAGO,VERONA,VR,37045,Privata,45.1654243007526,11.3016912809057
FARMACIA MAZZON SRL,"Via Casette, 16",LEGNAGO,VERONA,VR,37045,Privata,45.1654243007526,11.3016912809057
FARMACIA SALIERI S.A.S. DEL DOTT.GIORDANO ARFIERO,"Viale DEI CADUTI, 69",LEGNAGO,VERONA,VR,37045,Privata,45.1906039,11.30902285
FARMACIE ARFIERO S.A.S. DEL DOTT.GIORDANO ARFIERO,"Viale DEI CADUTI, 69",LEGNAGO,VERONA,VR,37045,Privata,45.1906039,11.30902285
FARMACIE ARFIERO S.A.S. DEL DOTT.GIORDANO ARFIERO,"Via LEONIA PELLINI, 25",LEGNAGO,VERONA,VR,37045,Privata,45.1654243007526,11.3016912809057
MADONNA DELLA SALUTE,"Via Morgagni, 12",LEGNAGO,VERONA,VR,37045,Privata,45.1654243007526,11.3016912809057
MAZZON CHIAVEGATO ELENA,"Via Casette, 16",LEGNAGO,VERONA,VR,37045,Privata,45.1654243007526,11.3016912809057
MAZZON CHIAVEGATO ELENA SAS,"Via Casette, 16",LEGNAGO,VERONA,VR,37045,Privata,45.1654243007526,11.3016912809057
MAZZON EREDI,"Via Casette, 16",LEGNAGO,VERONA,VR,37045,Privata,45.1654243007526,11.3016912809057
TORELLI  SNC,"Viale dei Caduti, 69",LEGNAGO,VERONA,VR,37045,Privata,45.1906039,11.30902285
TORELLI DELLA DR.A ANNA MARIA TORELLI ED EREDI DR.A LUCIA TORELLI SNC,"Viale dei Caduti, 69",LEGNAGO,VERONA,VR,37045,Privata,45.1906039,11.30902285
ZANONI GIOVANNI,"Via Giuseppe Mazzini, 2",LEGNAGO,VERONA,VR,37045,Privata,45.1654243007526,11.3016912809057
Zanoni Giovanni sas,"Via Giuseppe Mazzini, 2",LEGNAGO,VERONA,VR,37045,Privata,45.1654243007526,11.3016912809057
INTERNAZIONALE DR. MARCHESINI SNC,"Via Giuseppe Garibaldi, 65/bis",MALCESINE,VERONA,VR,37018,Privata,45.7287344612934,10.781604614977
INTERNAZIONALE DR. MARCHESINI SNC,"Via Gardesana, 149",MALCESINE,VERONA,VR,37018,Privata,45.7287344612934,10.781604614977
FERRARI FIAMMETTA,"Via del Lavoro, 3",MARANO DI VALPOLICELLA,VERONA,VR,37020,Privata,45.5590284050862,10.9165796680688
FERRARI FIAMMETTA,"Via Ca'di Loi, 13",MARANO DI VALPOLICELLA,VERONA,VR,37020,Privata,45.5590284050862,10.9165796680688
BELLONZI,"Via San Giovanni di Dio, 5",MEZZANE DI SOTTO,VERONA,VR,37030,Privata,45.4892947202523,11.1236446958388
CANTON DARIO,"Via San Giovanni di Dio, 5",MEZZANE DI SOTTO,VERONA,VR,37030,Privata,45.4892947202523,11.1236446958388
FARMACIA PIEROPAN DEL DOTT. MATTEO PIEROPAN E C. S.A.S.,"Via Roma, 1",MINERBE,VERONA,VR,37046,Privata,45.241085,11.334799
PIEROPAN SNC,"Via Roma, 1",MINERBE,VERONA,VR,37046,Privata,45.241085,11.334799
PALLARO EDOARDO,"Via Roma, 12",MONTECCHIA DI CROSARA,VERONA,VR,37030,Privata,45.4855364174665,11.2563271340369
FARINELLI CINZIA,"Via Giacomo Aroldi, 25",MONTEFORTE D'ALPONE,VERONA,VR,37032,Privata,45.4487106802083,11.3055279479761
FARMACIA FARINELLI S.R.L.,"Via Giacomo Aroldi, 25",MONTEFORTE D'ALPONE,VERONA,VR,37032,Privata,45.4487106802083,11.3055279479761
Farmacia Rizzini Alberto E Ilaria S.n.c.,"Via Vittorio Veneto, 22",MONTEFORTE D'ALPONE,VERONA,VR,37032,Privata,45.4217324952742,11.286333370895
RIZZINI ALBERTO,"Via Vittorio Veneto, 22",MONTEFORTE D'ALPONE,VERONA,VR,37032,Privata,45.4217324952742,11.286333370895
GIOVANNINI DANIELA,Via C. Montanari,MOZZECANE,VERONA,VR,37060,Privata,45.3094059519035,10.8390978593825
GIOVANNINI DELLA DOTT.SSA PAOLA SECURANI,"Via Caterina Bon Brenzoni, 2",MOZZECANE,VERONA,VR,37060,Privata,45.3094059519035,10.8390978593825
GIOVANNINI DELLA DOTT.SSA PAOLA SECURANI,"Via Carlo Montanari, 39",MOZZECANE,VERONA,VR,37060,Privata,45.3094059519035,10.8390978593825
GIOVANNINI SNC,Via C. Montanari,MOZZECANE,VERONA,VR,37060,Privata,45.3094059519035,10.8390978593825
ALL'ANGELO DI ENRICO QUINTO E MICHELE FARRI SNC,"Via San Martino, 3",NEGRAR,VERONA,VR,37024,Privata,45.5315372771203,10.9400283182841
ALL'ANGELO.SNC,"Via San Martino, 3",NEGRAR,VERONA,VR,37024,Privata,45.5315372771203,10.9400283182841
COMUNALE DI ARBIZZANO DI NEGRAR,"Via Valpolicella, 46",NEGRAR,VERONA,VR,37020,Privata,45.4906194684697,10.941046560561
COMUNALE NEGRAR SRL,"Via Valpolicella, 46",NEGRAR,VERONA,VR,37020,Privata,45.4906194684697,10.941046560561
EFFELUNGA FARMACIE - FARMACIA VALPOLICELLA,"Via Casette, 2",NEGRAR,VERONA,VR,37024,Privata,45.5396705367111,10.9539050968007
FAPPANI ELENA,"Via Valpolicella, 46",NEGRAR,VERONA,VR,37020,Privata,45.4906194684697,10.941046560561
FARMACIA NEGRAR - CASETTE,"Via Casette, 2",NEGRAR,VERONA,VR,37024,Privata,45.5396705367111,10.9539050968007
FARMACIA VALPOLICELLA SAS DI ALESSANDRO MOGLIA,"Via Casette, 2",NEGRAR,VERONA,VR,37024,Privata,45.5396705367111,10.9539050968007
FIORI,"Via Aleardo Aleardi, 3",NEGRAR,VERONA,VR,37020,Privata,45.5396705367111,10.9539050968007
FIORI LAURA (TIT.PRI.DI NEGRAR),"Via dell'Aquila, 22",NEGRAR,VERONA,VR,37020,Privata,45.5396705367111,10.9539050968007
FIORI SNC,"Via Aleardo Aleardi, 3",NEGRAR,VERONA,VR,37020,Privata,45.5396705367111,10.9539050968007
FIORI SNC,"Via DELL'AQUILIO, 24 A",NEGRAR,VERONA,VR,37020,Privata,45.5396705367111,10.9539050968007
Fappani,"Via Valpolicella, 54",NEGRAR,VERONA,VR,37024,Privata,45.4906194684697,10.941046560561
Fappani Elena,"Via Valpolicella, 46",NEGRAR,VERONA,VR,37020,Privata,45.4906194684697,10.941046560561
MANNUCCI DR. FRANCESCO,"Via Casette, 2",NEGRAR,VERONA,VR,37024,Privata,45.5396705367111,10.9539050968007
BOSELLI RAFFAELE,"Via Costa, 4",NOGARA,VERONA,VR,37054,Privata,45.1708519,11.0668099
Farmacia Boselli Raffaele s.r.l.,"Via Via Chiesa, 32",NOGARA,VERONA,VR,37054,Privata,45.1708519,11.0668099
MARCOLUNGO GUGLIELMO,"Via Stazione, 25",NOGARA,VERONA,VR,37054,Privata,45.1788599,11.0624548
PREMIATA FARMACIA MARCOLUNGO DI  MARCOLUNGO  DOTT. GUGLIELMO & C. SNC,"Via Generale C.A. Dalla Chiesa, 25",NOGARA,VERONA,VR,37054,Privata,45.1788599,11.0624548
PREMIATA FARMACIA MARCOLUNGO DI  MARCOLUNGO  DOTT. GUGLIELMO & C. Sas,"Via Generale C.A. Dalla Chiesa, 25",NOGARA,VERONA,VR,37054,Privata,45.1788599,11.0624548
PREMIATA FARMACIA MARCOLUNGO DI MARCOLUNGO GUGLIELMO & C. SNC,"Via Generale della Chiesa, 25",NOGARA,VERONA,VR,37054,Privata,45.1788599,11.0624548
S. LEONARDO,"Via Molinare, 8",NOGAROLE ROCCA,VERONA,VR,37060,Privata,45.285731,10.870736
S. LEONARDO,"Via IX Maggio, 38",NOGAROLE ROCCA,VERONA,VR,37060,Privata,45.285731,10.870736
BACCHIELLI MARCELLO E C. SAS,"Via XXIV Aprile, 18",OPPEANO,VERONA,VR,37050,Privata,45.3111228010676,11.1144095522955
BACCHIELLI SNC DI BACCHIELLI E PIERSANTINI SNC,"Via Roma, 78",OPPEANO,VERONA,VR,37050,Privata,45.3111228010676,11.1144095522955
BACCHIELLI SNC DI BACCHIELLI E PIERSANTINI SNC,"Via XXIV Aprile, 18",OPPEANO,VERONA,VR,37050,Privata,45.3111228010676,11.1144095522955
COMUNALE DOTT. CARLO BARIONI,"Via Croce, 93",OPPEANO,VERONA,VR,37050,Privata,45.2953329,11.1328848
FARMACIA SARTORI SRL,"Via Spinetti, 97",OPPEANO,VERONA,VR,37050,Privata,45.32733,11.08853
SARTORI MARIELLA,"Via Spinetti, 137",OPPEANO,VERONA,VR,37050,Privata,45.32733,11.08853
DANI ROBERTO,"Via Roma, 28",PALU',VERONA,VR,37050,Privata,45.3067480321355,11.1812883657619
DANI ROBERTO SNC,"Via Roma, 16",PALU',VERONA,VR,37050,Privata,45.3067480321355,11.1812883657619
FARMACIA DANI SNC,"Via Roma, 16",PALU',VERONA,VR,37050,Privata,45.3067480321355,11.1812883657619
ALLA MADONNA SNC DI NORO LUISA E ZENERE MAURO,"Via II Porte, 41 c",PASTRENGO,VERONA,VR,37010,Privata,45.4859301,10.8010852
NORO,"Via II Porte, 41 c",PASTRENGO,VERONA,VR,37010,Privata,45.4859301,10.8010852
ANTOLINI,"Via A. Bertoldi, 84",PESCANTINA,VERONA,VR,37026,Privata,45.4917608114267,10.862933983513
BALCONI,"Via Brennero, 71/B",PESCANTINA,VERONA,VR,37026,Privata,45.4974508,10.8680794
BALCONI SNC,"Via Brennero, 71/B",PESCANTINA,VERONA,VR,37026,Privata,45.4974508,10.8680794
Balconi Snc,"Via Brennero, 71/b",PESCANTINA,VERONA,VR,37026,Privata,45.4974508,10.8680794
COMUNALE BALCONI SRL,"Via Brennero, 71/B",PESCANTINA,VERONA,VR,37026,Privata,45.4974508,10.8680794
FARMACIA BALCONI S.R.L.,"Via Brennero, 71/b",PESCANTINA,VERONA,VR,37026,Privata,45.4974508,10.8680794
SAN ROCCO ANTOLINI GINO & C. SNC,"Via Ponte, 22",PESCANTINA,VERONA,VR,37026,Privata,45.4800428113583,10.8641728252804
SAN ROCCO DELLA DOTT.SSA LAURA ANTOLINI E C. SNC,"Via Pozze, 13/B",PESCANTINA,VERONA,VR,37026,Privata,45.4800428113583,10.8641728252804
SAN ROCCO DELLA DOTT.SSA LAURA ANTOLINI E C. SNC,"Via Ponte, 24",PESCANTINA,VERONA,VR,37026,Privata,45.4800428113583,10.8641728252804
SETTIMO MIGLIO DR. A. CAOBELLI,"Via A. Bertoldi, 84",PESCANTINA,VERONA,VR,37026,Privata,45.4917608114267,10.862933983513
Farmacia Ruzza Claudio e C. SAS,"Via Marzan, 4",PESCHIERA DEL GARDA,VERONA,VR,37019,Privata,45.440777339256,10.6984370527906
GIUBERTONI DR. MAURIZIO,"Via Vespucci, 2/b",PESCHIERA DEL GARDA,VERONA,VR,37019,Privata,45.44660585,10.6705591
GIUBERTONI DR. MAURIZIO (TITOLARE PESCHIERA),"Via Vespucci, 2/b",PESCHIERA DEL GARDA,VERONA,VR,37019,Privata,45.44660585,10.6705591
GIUBERTONI MAURIZIO,"Via Milano, 22",PESCHIERA DEL GARDA,VERONA,VR,37019,Privata,45.4409888794638,10.6814488598521
RUZZA CLAUDIO,"Via Marzan, 4",PESCHIERA DEL GARDA,VERONA,VR,37019,Privata,45.440777339256,10.6984370527906
CAVALIERI ENOS,"Piazza IV Novembre, 11",POVEGLIANO VERONESE,VERONA,VR,37064,Privata,45.348413857,10.8808718353017
FARMACIA CAVALIERI DOTT. MAURO CAVALIERI,"Piazza IV Novembre, 11",POVEGLIANO VERONESE,VERONA,VR,37064,Privata,45.348413857,10.8808718353017
FARMACIA CAVALIERI MAURO,"Piazza IV Novembre, 11",POVEGLIANO VERONESE,VERONA,VR,37064,Privata,45.348413857,10.8808718353017
BIONDANI,"Via Giovanni XXIII, 1",PRESSANA,VERONA,VR,37040,Privata,45.2762583777232,11.396983085105
BIONDANI S.N.C. dei Dr. Losi M. e Biondani A.,"Via Giovanni XXIII, 1",PRESSANA,VERONA,VR,37040,Privata,45.2762583777232,11.396983085105
Dr.ssa Rizzotti Laura,"Via Vigo, 4",RIVOLI VERONESE,VERONA,VR,37010,Privata,45.5733685863024,10.8115213036676
EREDI RIZZOTTI DOTT. ATTILIO,"Via Vigo, 4",RIVOLI VERONESE,VERONA,VR,37010,Privata,45.5733685863024,10.8115213036676
RIZZOTTI ATTILIO,"Via Vigo, 4",RIVOLI VERONESE,VERONA,VR,37010,Privata,45.5733685863024,10.8115213036676
MAGAGNOTTO,"Via Papa Giovanni XXIII, 8",RONCA',VERONA,VR,37030,Privata,45.4854204393511,11.2996829797969
FARMACIA NARDI DR GABRIELE & C SNC,"Viale VITTORIO VENETO, 10",RONCO ALL'ADIGE,VERONA,VR,37055,Privata,45.337722,11.243858
NARDI AUGUSTO & C. SNC,"Viale Vittorio Veneto, 10",RONCO ALL'ADIGE,VERONA,VR,37055,Privata,45.337722,11.243858
ROSSIGNOLI S.A.S,"Via della Repubblica, 3",RONCO ALL'ADIGE,VERONA,VR,37050,Privata,45.3533429152028,11.1955042393243
ROSSIGNOLI SNC,"Via Della Repubblica, 3",RONCO ALL'ADIGE,VERONA,VR,37050,Privata,45.3533429152028,11.1955042393243
FARMACIA SANTA RITA DELLA DOTT.SSA CLAUDIA SOLDA' & C. S.N.C.,"Via Roma, 42",ROVERCHIARA,VERONA,VR,37050,Privata,45.257908419347,11.2751568568934
S. RITA - SOLDA',"Via Roma, 42",ROVERCHIARA,VERONA,VR,37050,Privata,45.257908419347,11.2751568568934
Farmacia Dott. Fasoli Francesco,"Via S. Francesco, 6",ROVERE' VERONESE,VERONA,VR,37028,Privata,45.59289,11.0657599
SAN NICOLO',"Piazza Vittorio Emanuele, 32",ROVERE' VERONESE,VERONA,VR,37028,Privata,45.59289,11.0657599
SANTA MARIA,"Via Dante Alighieri, 3/B",ROVEREDO DI GUA',VERONA,VR,37040,Privata,45.273593,11.444865
TREGNAGO MONICA,"Via Tiepolo, 14",SALIZZOLE,VERONA,VR,37056,Privata,45.2428433904411,11.0922842183967
TREGNAGO MONICA,"Piazza Castello, 34",SALIZZOLE,VERONA,VR,37056,Privata,45.2428433904411,11.0922842183967
AL REDENTORE,"Piazza Costituzione, 21",SAN BONIFACIO,VERONA,VR,37047,Privata,45.3977272641308,11.2878944205634
AL REDENTORE,"Via Camporosolo, 1",SAN BONIFACIO,VERONA,VR,37047,Privata,45.3977272641308,11.2878944205634
BENEDETTI PAOLO,"Via Fossacan, 4c",SAN BONIFACIO,VERONA,VR,37047,Privata,45.4152304,11.34236205
COMUNALE SAN BIAGIO,"Via Prova, 55/A",SAN BONIFACIO,VERONA,VR,37047,Privata,45.39909695,11.3311185
COMUNALE SAN BIAGIO - MULTISERVIZI SRL,"Via Prova, 55/A",SAN BONIFACIO,VERONA,VR,37047,Privata,45.39909695,11.3311185
FARMACIA SAN GIUSEPPE DI VALENTINI PAOLA & C. SAS,"Corso Venezia, 23",SAN BONIFACIO,VERONA,VR,37047,Privata,45.4015205353984,11.2739446203871
FRACASTORO DI PANAROTTO ILARIA,"Loc. Prova, 55/A",SAN BONIFACIO,VERONA,VR,37047,Privata,45.39909695,11.3311185
Farmacia Al Redentore Della Dott.ssa Linda Ratti E C. S.a.s.,"Piazza Della Costituzione, 21",SAN BONIFACIO,VERONA,VR,37047,Privata,45.3977272641308,11.2878944205634
Farmacia San Giovanni S.R.L.,"Via Fiume, 59/A",SAN BONIFACIO,VERONA,VR,37047,Privata,45.4001421987419,11.2803791003959
S. FRANCESCO,"Via Fossacan, 4c",SAN BONIFACIO,VERONA,VR,37047,Privata,45.4152304,11.34236205
SAN GIOVANNI,"Via Fiume, 59",SAN BONIFACIO,VERONA,VR,37047,Privata,45.4001421987419,11.2803791003959
SAN GIOVANNI DI NERI DOTT. VINCENZO,"Via Fiume, 59",SAN BONIFACIO,VERONA,VR,37047,Privata,45.4001421987419,11.2803791003959
SAN GIUSEPPE di VALENTINI A. & C.,"Corso Venezia, 21",SAN BONIFACIO,VERONA,VR,37047,Privata,45.4015205353984,11.2739446203871
COLALTO GIUSEPPE,"Piazza Da l'Osto, 37",SAN GIOVANNI ILARIONE,VERONA,VR,37035,Privata,45.5274486115865,11.2370870635015
Farmacia Colalto S.R.L.,"Piazza De L'Osto, 37",SAN GIOVANNI ILARIONE,VERONA,VR,37035,Privata,45.5274486115865,11.2370870635015
COMUNALE FARMACO SRL,"Via Garofoli, 135-137",SAN GIOVANNI LUPATOTO,VERONA,VR,37057,Privata,45.3882,11.03671
COSSATER ROBERTO,"Piazza Umberto I, 122",SAN GIOVANNI LUPATOTO,VERONA,VR,37057,Privata,45.3711496058371,11.0381712788388
FARMACIA COSSATER DOTT.ROBERTO S.A.S. DI COSSATER ROBERTO,"Piazza UMBERTO I, 120",SAN GIOVANNI LUPATOTO,VERONA,VR,37057,Privata,45.3711496058371,11.0381712788388
FARMACIA FIORINI SRL,"Piazza ALCIDE DE GASPERI, 43",SAN GIOVANNI LUPATOTO,VERONA,VR,37057,Privata,45.34968,11.04719
FARMACIA GIOVANNI XXIII SRL,"Via Cesare Battisti, 27",SAN GIOVANNI LUPATOTO,VERONA,VR,37057,Privata,45.3711496058371,11.0381712788388
FARMACIA GIOVANNI XXIII SRL,"Via Cesare Battisti, 19",SAN GIOVANNI LUPATOTO,VERONA,VR,37057,Privata,45.3711496058371,11.0381712788388
FIORINI GIANFRANCO,"Via Alcide De Gasperi, 43",SAN GIOVANNI LUPATOTO,VERONA,VR,37057,Privata,45.34968,11.04719
FITTA' MARCELLO,"Piazza Umberto I, 57",SAN GIOVANNI LUPATOTO,VERONA,VR,37057,Privata,45.3809343492163,11.0458533654387
Farmacia Dott. Osvaldo Tinazzi E C. Snc,"Via Cesare Battisti, 27",SAN GIOVANNI LUPATOTO,VERONA,VR,37057,Privata,45.3711496058371,11.0381712788388
GAROFOLI - FARMA.CO SRL,"Via Garofoli, 135-137",SAN GIOVANNI LUPATOTO,VERONA,VR,37057,Privata,45.3882,11.03671
GIOVANNI XXIII,"ViaCesare Battisti, 27",SAN GIOVANNI LUPATOTO,VERONA,VR,37057,Privata,45.3711496058371,11.0381712788388
GIOVANNI XXIII,"Via Cesare Battisti, 27",SAN GIOVANNI LUPATOTO,VERONA,VR,37057,Privata,45.3711496058371,11.0381712788388
FARMACIA POMARI DEL DR. PAOLO POMARI & C. S.A.S.,"Via Nazionale, 11/13",SAN MARTINO BUON ALBERGO,VERONA,VR,37036,Privata,45.42237799999999,11.09942
FARMACIA SAN MARTINO DEL LAVORO,"Viale DEL LAVORO, 39",SAN MARTINO BUON ALBERGO,VERONA,VR,37036,Privata,45.4146190135475,11.0930556016355
NICOLIS - POMARI,"Via Nazionale, 11/13",SAN MARTINO BUON ALBERGO,VERONA,VR,37036,Privata,45.42237799999999,11.09942
NIGRI MARCO,"Piazza del Popolo, 2",SAN MARTINO BUON ALBERGO,VERONA,VR,37036,Privata,45.4224787976231,11.0931463664398
NIGRI SNC DI NIGRI M.,"Piazza del Popolo, 2",SAN MARTINO BUON ALBERGO,VERONA,VR,37036,Privata,45.4224787976231,11.0931463664398
VERONA EST SNC,"Viale del Lavoro, 39",SAN MARTINO BUON ALBERGO,VERONA,VR,37036,Privata,45.4146190135475,11.0930556016355
TURRI EMILIO (TIT.A VELO VERONESE),Via Roma,SAN MAURO DI SALINE,VERONA,VR,37030,Privata,45.5614785306415,11.1102474332539
Turri Emilio (Tit.a Velo Veronese),Via Roma,SAN MAURO DI SALINE,VERONA,VR,37030,Privata,45.5614785306415,11.1102474332539
BERTOLASO PAOLO,"Via Kennedy, 3",SAN PIETRO DI MORUBIO,VERONA,VR,37050,Privata,45.2440262133408,11.2026161232821
SS. APOSTOLI - RABITTI,"Via Kennedy, 3",SAN PIETRO DI MORUBIO,VERONA,VR,37050,Privata,45.2440262133408,11.2026161232821
COMUNALE SAN MARTINO SRL,"Via Danubio, 7",SAN PIETRO IN CARIANO,VERONA,VR,37039,Privata,45.4894318970819,10.9006670811168
COMUNALE SAN MARTINO SRL,"Via Cedrare, 51",SAN PIETRO IN CARIANO,VERONA,VR,37039,Privata,45.4894318970819,10.9006670811168
SAN ROCCO-TONIN GIUSEPPE & C.SNC,"Via Campostrini, 45",SAN PIETRO IN CARIANO,VERONA,VR,37020,Privata,45.50248,10.92003
SAN ROCCO.SNC,"Via Campostrini, 45",SAN PIETRO IN CARIANO,VERONA,VR,37020,Privata,45.50248,10.92003
TREVENZOLI  ANNA,"Via Ingelheim, 1",SAN PIETRO IN CARIANO,VERONA,VR,37029,Privata,45.5216619833473,10.8833028780677
TREVENZOLI SNC,"Via Ingelheim, 1",SAN PIETRO IN CARIANO,VERONA,VR,37029,Privata,45.5216619833473,10.8833028780677
COSTA BELLA - DR. ZOPPI,"Loc. Ca'Montagna, 1",SAN ZENO DI MONTAGNA,VERONA,VR,37010,Privata,45.6492158900748,10.7672938109363
Farmacia Costabella di Cotti Dr. Edoardo,"Via CÃ  Montagna, 13",SAN ZENO DI MONTAGNA,VERONA,VR,37010,Privata,45.6492158900748,10.7672938109363
FARMACIA SANGUINETTO,"Via CORSO CESARE BATTISTI, 124",SANGUINETTO,VERONA,VR,37058,Privata,45.1790500664261,11.1531453464186
STORI ADA,"Via Cesare Battisti, 112",SANGUINETTO,VERONA,VR,37058,Privata,45.1790500664261,11.1531453464186
BENEDETTI,"Via Alcide De Gasperi, 37",SANT'AMBROGIO DI VALPOLICELLA,VERONA,VR,37015,Privata,45.5400304841417,10.8427003067079
BRAGHETTA SNC DI PAOLO EMILIO E EMILIO BRAGHETTA,"Via Matteotti, 10",SANT'AMBROGIO DI VALPOLICELLA,VERONA,VR,37015,Privata,45.5400304841417,10.8427003067079
BRAGHETTA SNC DI PAOLO EMILIO E EMILIO BRAGHETTA,"Viale Rimembranza, 1",SANT'AMBROGIO DI VALPOLICELLA,VERONA,VR,37010,Privata,45.5400304841417,10.8427003067079
BRAGHETTA SNC DI PAOLO EMILIO E EMILIO BRAGHETTA,"Via Matteotti, 10",SANT'AMBROGIO DI VALPOLICELLA,VERONA,VR,37010,Privata,45.5400304841417,10.8427003067079
DOMEGLIARA SAS,"Via del Pontiere, 2/A",SANT'AMBROGIO DI VALPOLICELLA,VERONA,VR,37015,Privata,45.5400304841417,10.8427003067079
FARMACIE BRAGHETTA SRL,"Via Matteotti, 10",SANT'AMBROGIO DI VALPOLICELLA,VERONA,VR,37015,Privata,45.5400304841417,10.8427003067079
VENTURINI DR. FERNANDO,"Via del Pontieri, 2/A",SANT'AMBROGIO DI VALPOLICELLA,VERONA,VR,37015,Privata,45.5400304841417,10.8427003067079
RIZZOLO ELISA,"Piazza V.Emanuele, 5/a",SANT'ANNA D'ALFAEDO,VERONA,VR,37020,Privata,45.627191,10.951683
RIZZOLO ELISA,"Via Roma, 8",SANT'ANNA D'ALFAEDO,VERONA,VR,37020,Privata,45.627191,10.951683
BONIN SERGIO,"Via Trento, 12/14",SELVA DI PROGNO,VERONA,VR,37030,Privata,45.6431879129201,11.1438182797415
SELVA DI PROGNO,"Via Trento, 2",SELVA DI PROGNO,VERONA,VR,37030,Privata,45.6431879129201,11.1438182797415
CENTRALE - DR. TESSARI,"Via Roma, 30",SOAVE,VERONA,VR,37038,Privata,45.4210849199753,11.2483344679344
CENTRALE - DR. TESSARI,"Piazza Al Combattente, 1",SOAVE,VERONA,VR,37038,Privata,45.4210849199753,11.2483344679344
FARMACIA DI SOAVE SRL,"Piazza Castagnedi, 9",SOAVE,VERONA,VR,37038,Privata,45.419562,11.247539
FRASSOLDATI VACCARI,"Piazza Castagnedi, 9",SOAVE,VERONA,VR,37038,Privata,45.419562,11.247539
COMUNALE CUSTOZA,"Via Lugo, 2",SOMMACAMPAGNA,VERONA,VR,37060,Privata,45.37745,10.79587
COMUNALE DI SOMMACAMPAGNA,"Via Gidino, 2",SOMMACAMPAGNA,VERONA,VR,37060,Privata,45.37745,10.79587
Comunale Di Sommacampagna,"Via Gidino, 2",SOMMACAMPAGNA,VERONA,VR,37060,Privata,45.37745,10.79587
DONATO DR GIAMBATTISTA,"Via Osteria Grande, 26",SOMMACAMPAGNA,VERONA,VR,37066,Privata,45.407224787131,10.8475757941021
DONATO SNC DI DONATO GIAMBATTISTA E C.,"Via Osteria Grande, 26",SOMMACAMPAGNA,VERONA,VR,37066,Privata,45.407224787131,10.8475757941021
SAN ROCCO,"Piazza Castello, 10",SOMMACAMPAGNA,VERONA,VR,37066,Privata,45.407224787131,10.8475757941021
SANTA TERESA - TRESPIDI,"Via Scuole, 25",SOMMACAMPAGNA,VERONA,VR,37060,Privata,45.4181182116957,10.8967043023838
SANTA TERESA - TRESPIDI,"Via Scuole, 25",SOMMACAMPAGNA,VERONA,VR,37040,Privata,45.4181182116957,10.8967043023838
CASTELNUOVO SNC DISPENSARIO,Via D.V.Castello 6 S.G. in Salici,SONA,VERONA,VR,37060,Privata,45.4287845596982,10.8135222869022
COMUNALE PALAZZOLO,"Via IV Novembre, 46",SONA,VERONA,VR,37060,Privata,45.452942,10.8180021
COMUNALE SONA,"Piazza Vittoria, 10",SONA,VERONA,VR,37060,Privata,45.4287845596982,10.8135222869022
COMUNALE SONA,"Via Roma, 24",SONA,VERONA,VR,37060,Privata,45.4287845596982,10.8135222869022
Comunale Palazzolo,"Via Iv Novembre, 46",SONA,VERONA,VR,37060,Privata,45.452942,10.8180021
FARMACIA SAN GIORGIO IN SALICI SNC DI C.MANARESI E F.G. PALADINI,"Via don Castello, 8",SONA,VERONA,VR,37060,Privata,45.4287845596982,10.8135222869022
LUGAGNANO SAS,"Via Pelacane, 16",SONA,VERONA,VR,37060,Privata,45.4287845596982,10.8135222869022
LUGAGNANO SAS DEL DOTT. SALVATORE RIGA,"Via Pelacane, 16",SONA,VERONA,VR,37060,Privata,45.4287845596982,10.8135222869022
LUGAGNANO SNC,"Via Pelacane, 16",SONA,VERONA,VR,37060,Privata,45.4287845596982,10.8135222869022
LUGAGNANO SNC,"Via Case Nuove, 8",SONA,VERONA,VR,37060,Privata,45.4287845596982,10.8135222869022
SAM GIORGIO IN SALICI DEL DR. IGNAZIO LAMONICA,"Via don Castello, 8",SONA,VERONA,VR,37060,Privata,45.4287845596982,10.8135222869022
FARMACIA SANTA CHIARA DI TAROCCO ANNAMARIA,"Via Cesare Battisti, 12/13",SORGA',VERONA,VR,37060,Privata,45.21323,10.97917
FARMACIA SANTA CHIARA DI TAROCCO ANNAMARIA,"Via Oberdan, 108",SORGA',VERONA,VR,37060,Privata,45.18472999999999,11.01157
S. CHIARA - TAROCCO ANNA MARIA,"Via Cesare Battisti, 12/13",SORGA',VERONA,VR,37060,Privata,45.21323,10.97917
TAROCCO A.MARIA (TIT. A SORGA'),"Via Oberdan, 108",SORGA',VERONA,VR,37060,Privata,45.18472999999999,11.01157
Tarocco A.maria (Tit. A Sorga'),"Via Oberdan, 108",SORGA',VERONA,VR,37060,Privata,45.18472999999999,11.01157
LORA SNC DI DR. LORA E MANZALINI SNC,"Via Baldini Sinistra, 16",TERRAZZO,VERONA,VR,37040,Privata,45.1734194628227,11.3912848197758
FARMACIA MADONNA DEL SOCCORSO SRL,"Via Gardesana, 1205",TORRI DEL BENACO,VERONA,VR,37010,Privata,45.6094493,10.6873869
Farmacia Torri Del Benaco Gardesana,"Via Gardesana, 1205",TORRI DEL BENACO,VERONA,VR,37010,Privata,45.6094493,10.6873869
MADONNA DEL SOCCORSO,"Via Gardesana, 75",TORRI DEL BENACO,VERONA,VR,37010,Privata,45.6094493,10.6873869
PIEROPAN DI CRACCO PAOLA E TESSARI MARIANGELA SNC,"Via Cesare Battisti, 16",TREGNAGO,VERONA,VR,37039,Privata,45.5174181976187,11.1647432680826
PIEROPAN DI CRACCO PAOLA E TESSARI MARIANGELA SNC,"Via Cesare Battisti, 18",TREGNAGO,VERONA,VR,37039,Privata,45.5174181976187,11.1647432680826
PIEROPAN SNC,"Via Cesare Battisti, 18",TREGNAGO,VERONA,VR,37039,Privata,45.5174181976187,11.1647432680826
PEDROTTI PAOLA,"Via Aldo Moro, 8",TREVENZUOLO,VERONA,VR,37060,Privata,45.2699543,10.9344599
PEDROTTI PAOLA,"Via Roma, 47/a",TREVENZUOLO,VERONA,VR,37060,Privata,45.2699543,10.9344599
CENTRALE - DOTT. CARLO ALBERTO MONTRESOR,"Piazza Vittorio Veneto, 11",VALEGGIO SUL MINCIO,VERONA,VR,37067,Privata,45.3547070032915,10.7420688128472
CENTRALE - DOTT. CARLO ALBERTO MONTRESOR,"Piazza Carlo Alberto, 27",VALEGGIO SUL MINCIO,VERONA,VR,37067,Privata,45.3547070032915,10.7420688128472
CENTRALE - MONTRESOR,"Piazza Carlo Alberto, 27",VALEGGIO SUL MINCIO,VERONA,VR,37067,Privata,45.3547070032915,10.7420688128472
COMUNALE SALIONZE,"Via del Garda, 34",VALEGGIO SUL MINCIO,VERONA,VR,37067,Privata,45.3547070032915,10.7420688128472
COMUNALE SALIONZE DR. Alberto Moretti,"Via del Garda, 20",VALEGGIO SUL MINCIO,VERONA,VR,37067,Privata,45.3547070032915,10.7420688128472
FARMACIA CENTRALE MONTRESOR SRL,"Piazza Vittorio Veneto, 11",VALEGGIO SUL MINCIO,VERONA,VR,37067,Privata,45.3547070032915,10.7420688128472
Farmacia Perina,"Via Gottardi, 30",VALEGGIO SUL MINCIO,VERONA,VR,37067,Privata,45.3547070032915,10.7420688128472
PERINA LAURO,"Via Sala, 16",VALEGGIO SUL MINCIO,VERONA,VR,37067,Privata,45.3547070032915,10.7420688128472
PERINA LAURO,"Via Gottardi, 30",VALEGGIO SUL MINCIO,VERONA,VR,37067,Privata,45.3547070032915,10.7420688128472
SALIONZE DI MORETTI ALBERTO,"Via del Garda, 34",VALEGGIO SUL MINCIO,VERONA,VR,37067,Privata,45.3547070032915,10.7420688128472
Farmacia Dott. Turri di Michele Turri e C.Sas,"Piazza della Vittoria, 12/a",VELO VERONESE,VERONA,VR,37030,Privata,45.6132315586471,11.1078822750771
Farmacia Dott. Turri di Michele Turri e C.Sas,"Via Roma, 49",VELO VERONESE,VERONA,VR,37030,Privata,45.6132315586471,11.1078822750771
TURRI EMILIO,"Piazza della Vittoria,12/a",VELO VERONESE,VERONA,VR,37030,Privata,45.6132315586471,11.1078822750771
AGLI ANGELI,"Corso Porta Nuova, 28",VERONA,VERONA,VR,37122,Privata,45.4342597316147,10.989718616054
AI LEONI,"Via Leoni, 3",VERONA,VERONA,VR,37121,Privata,45.4398483574068,11.0002188972238
AL GIGLIO SNC,"Corso Porta Borsari, 46",VERONA,VERONA,VR,37121,Privata,45.4382222,10.9935543
AL SEMINARIO,"Via Interrato dell'Acqua Morta, 42",VERONA,VERONA,VR,37129,Privata,45.4382222,10.9935543
ALL' ALBARO,"Piazzale Buccari, 10",VERONA,VERONA,VR,37033,Privata,45.4383563,10.9916578
ALL' ALBARO,"Piazzale Buccari, 10",VERONA,VERONA,VR,37141,Privata,45.4383563,10.9916578
ALL' ALBARO,"Piazzale Buccari, 3",VERONA,VERONA,VR,37141,Privata,45.4383563,10.9916578
ALLA CONCEZIONE,"Via San Nazaro, 71",VERONA,VERONA,VR,37129,Privata,45.44258495,11.00675245
ALLA CONCEZIONE DEL DOTT. DELLA VELLA SAS,"Via San Nazaro, 71",VERONA,VERONA,VR,37129,Privata,45.44258495,11.00675245
ARMANI DI ARMANI CLAUDIO E C. SNC,"Via Tanaro, 7",VERONA,VERONA,VR,37136,Privata,45.4165838006711,10.961446550031
BACCHINI MARIA E MARCO SNC,"Via Giuliari, 23",VERONA,VERONA,VR,37134,Privata,45.4382222,10.9935543
BALANZA LEOPOLDO,"Via Unita' d'Italia, 120",VERONA,VERONA,VR,37132,Privata,45.4289142720735,11.0659624584578
BELLAMOLI  E C. SNC,"Via Poiano, 99",VERONA,VERONA,VR,37142,Privata,45.5804039430914,10.7329320238923
BELLAMOLI SANDRO,"Via Poiano, 99",VERONA,VERONA,VR,37030,Privata,45.5804039430914,10.7329320238923
BETTINI SNC,"Via Marin Faliero, 71",VERONA,VERONA,VR,37138,Privata,45.4534585424802,10.9653471101583
BORGO MILANO,"Corso Milano, 69",VERONA,VERONA,VR,37138,Privata,45.4434218839198,10.9708897573441
BURRI UMBERTO,"Via Goffredo Mameli, 4",VERONA,VERONA,VR,37126,Privata,45.4497075752005,10.9929389281721
CAPRI DI CAPRI DR.SSA ARIANNA & C,"Via Basson, 56 - localit Bassona",VERONA,VERONA,VR,37139,Privata,45.3722111847802,11.1338905158196
CASTELVECCHIO DI BERGAMO M.& C.,"Largo Don Bosco, 1",VERONA,VERONA,VR,37123,Privata,45.4382222,10.9935543
CASTELVECCHIO DI BERGAMO M.& C.,"Stradone Porta Palio, 2",VERONA,VERONA,VR,37123,Privata,45.4382222,10.9935543
CECCHERELLI  SNC,"Via Antonio Pisano, 51/a",VERONA,VERONA,VR,37131,Privata,45.44055825,11.02089
CECCHERELLI M. TERESA,"Via Antonio Pisano, 51/a",VERONA,VERONA,VR,37131,Privata,45.44055825,11.02089
CENTRAL E DI SIGNORINI LUCA E ROBERTO SNC,"Piazza delle Erbe, 20",VERONA,VERONA,VR,37121,Privata,45.4429555646481,10.9971213057976
CENTRALE-SIGNORINI SNC,"Piazza delle Erbe, 20",VERONA,VERONA,VR,37100,Privata,45.4429555646481,10.9971213057976
COGHI GIUSEPPE,"Via IV Novembre, 9/11",VERONA,VERONA,VR,37126,Privata,45.4611927,11.3185993
COGHI GIUSEPPE,"Via IV Novembre, 11",VERONA,VERONA,VR,37126,Privata,45.4611927,11.3185993
COGHI SNC DI GIUSEPPE COGHI & C.,"Via IV Novembre, 9/11",VERONA,VERONA,VR,37126,Privata,45.4611927,11.3185993
COMUNALE AGLI ANGELI,"Corso Porta Nuova, 28",VERONA,VERONA,VR,37122,Privata,45.4342597316147,10.989718616054
COMUNALE AGLI ANGELI DI AGEC SNC,"Corso Porta Nuova, 28",VERONA,VERONA,VR,37122,Privata,45.4342597316147,10.989718616054
COMUNALE BORGO NUOVO,"Via Taormina, 23 c",VERONA,VERONA,VR,37138,Privata,45.44944165,10.95914515
COMUNALE BORGO NUOVO,"Via Selinunte, 47",VERONA,VERONA,VR,37138,Privata,45.44944165,10.95914515
COMUNALE BORGO NUOVO,Via Taormina 23/c,VERONA,VERONA,VR,37138,Privata,45.44944165,10.95914515
COMUNALE CADIDAVID,"Via Francesco Carmagnola, 36",VERONA,VERONA,VR,37061,Privata,45.38480155,11.0065608
COMUNALE CADIDAVID,"Via Ca' Di Aprili, 3",VERONA,VERONA,VR,37061,Privata,45.38480155,11.0065608
COMUNALE CADIDAVID,"Via Francesco Carmagnola, 36",VERONA,VERONA,VR,37135,Privata,45.38480155,11.0065608
COMUNALE CADIDAVID,"Via Forte Tomba, 20",VERONA,VERONA,VR,37061,Privata,45.38480155,11.0065608
COMUNALE CADORE,"Via Pieve di Cadore, 3",VERONA,VERONA,VR,37124,Privata,45.458290675149,10.9782057876043
COMUNALE CADORE,"Via A.Poerio, 28/a",VERONA,VERONA,VR,37124,Privata,45.458290675149,10.9782057876043
COMUNALE CADORE,"Via A.Poerio, 28 a",VERONA,VERONA,VR,37124,Privata,45.458290675149,10.9782057876043
COMUNALE CHIEVO,"Via A. Berardi, 94",VERONA,VERONA,VR,37139,Privata,45.4382222,10.9935543
COMUNALE GOLOSINE,"Via Golosine, 123",VERONA,VERONA,VR,37136,Privata,45.4203915867866,10.9681822508412
COMUNALE GOLOSINE,"Via Po, 8 - 8 a",VERONA,VERONA,VR,37136,Privata,45.4203915867866,10.9681822508412
COMUNALE GOLOSINE,"Via Po, 8",VERONA,VERONA,VR,37136,Privata,45.4203915867866,10.9681822508412
COMUNALE GRATTACIELO,"Piazza S. Spirito, 2/B",VERONA,VERONA,VR,37122,Privata,45.43505039999999,10.984564
COMUNALE MADONNA DI CAMPAGNA,"Via Antonio Salieri, 259",VERONA,VERONA,VR,37132,Privata,45.3946318657216,11.2867155454725
COMUNALE MADONNA DI CAMPAGNA,"ViaMonte Bianco, 1",VERONA,VERONA,VR,37132,Privata,45.3946318657216,11.2867155454725
COMUNALE OLIMPIA,"Via Andrea Palladio, 61",VERONA,VERONA,VR,37138,Privata,45.4314932046523,10.9762984307268
COMUNALE PALAZZINA,"Via S. Giovanni Lupatoto, 22",VERONA,VERONA,VR,37134,Privata,45.4116629542412,10.9992169686223
COMUNALE QUINTO,"Via Valpantena, 42",VERONA,VERONA,VR,37034,Privata,45.5301595353889,11.00858154969
COMUNALE S. MASSIMO,"Via Don Giacomo Trevisani, 39",VERONA,VERONA,VR,37139,Privata,45.4382222,10.9935543
COMUNALE S. MASSIMO,"Via Romagnoli, 16",VERONA,VERONA,VR,37139,Privata,45.4382222,10.9935543
COMUNALE S. ROCCO,"Via Fabricato Scolastico,33",VERONA,VERONA,VR,37125,Privata,45.4656641,10.9740929
COMUNALE TOMBA,"Via Centro, 237",VERONA,VERONA,VR,37135,Privata,45.4094180140378,10.9867708322745
Capri Di Capri Dr.ssa Arianna & C,"Via Basson, 56 - LocalitÃ  Bassona",VERONA,VERONA,VR,37139,Privata,45.3722111847802,11.1338905158196
Comunale Chievo,"Via A. Berardi, 94",VERONA,VERONA,VR,37139,Privata,45.4382222,10.9935543
Comunale Grattacielo,"Piazza S. Spirito, 2/b",VERONA,VERONA,VR,37122,Privata,45.43505039999999,10.984564
Comunale Olimpia,"Via Andrea Palladio, 61",VERONA,VERONA,VR,37138,Privata,45.4314932046523,10.9762984307268
Comunale Palazzina,"Via S. Giovanni Lupatoto, 22",VERONA,VERONA,VR,37134,Privata,45.4116629542412,10.9992169686223
Comunale Palazzina,"Via S. Giovanni Lupatoto, 22 b",VERONA,VERONA,VR,37134,Privata,45.4116629542412,10.9992169686223
Comunale Quinto,"Via Valpantena, 42",VERONA,VERONA,VR,37034,Privata,45.5301595353889,11.00858154969
Comunale Quinto,"Via Valpantena, 42",VERONA,VERONA,VR,37142,Privata,45.5301595353889,11.00858154969
Comunale S. Massimo,"Via Don Giacomo Trevisani, 39",VERONA,VERONA,VR,37139,Privata,45.4382222,10.9935543
Comunale S. Rocco,"Via Fabricato Scolastico, 33",VERONA,VERONA,VR,37125,Privata,45.4656641,10.9740929
Comunale S. Rocco,"Via Fabricato Scolastico, 31",VERONA,VERONA,VR,37125,Privata,45.4656641,10.9740929
Comunale Tomba,"Via Centro, 237",VERONA,VERONA,VR,37135,Privata,45.4094180140378,10.9867708322745
Comunale Tomba,"Via Centro, 239",VERONA,VERONA,VR,37135,Privata,45.4094180140378,10.9867708322745
DEI SANTI - DR. RIGHETTO,"Via Belfiore, 59",VERONA,VERONA,VR,37061,Privata,45.1584011859829,11.2193149721249
DONADUZZI GIOVANNI,"Via Marsala, 19/a",VERONA,VERONA,VR,37128,Privata,45.3532847372962,10.7341555157425
DUE CAMPANE SNC,"Via Giuseppe Mazzini, 52",VERONA,VERONA,VR,37121,Privata,45.3474690913601,10.8819861366894
FARMACIA ALL'ALBARO SNC,"Piazzale Buccari, 3",VERONA,VERONA,VR,37141,Privata,45.4383563,10.9916578
FARMACIA ARMANI DI CLAUDIO ARMANI E C. S.A.S,"Via Tanaro, 11",VERONA,VERONA,VR,37136,Privata,45.4165838006711,10.961446550031
FARMACIA CAV. DOTT. REALDON GIAN DOMENICO SRL,"Via Villafranca, 48",VERONA,VERONA,VR,37137,Privata,45.4177654701563,10.9514989098696
FARMACIA CENTRALE SAN MICHELE,"Via Unita' d'Italia, 120",VERONA,VERONA,VR,37132,Privata,45.4289142720735,11.0659624584578
FARMACIA DEI SANTI DI RIGHETTO DOTT.SSA OLIVIA & C. SAS,"Via BELFIORE, 59",VERONA,VERONA,VR,37135,Privata,45.1584011859829,11.2193149721249
FARMACIA DEL POPOLO,"Via Marin Faliero, 71",VERONA,VERONA,VR,37138,Privata,45.4534585424802,10.9653471101583
FARMACIA DOTT. BURRI UMBERTO DEL DOTT. GUERRINI GIORGIO,"Via Goffredo Mameli, 4",VERONA,VERONA,VR,37126,Privata,45.4497075752005,10.9929389281721
FARMACIA DOTT. SOAVE,"Via S. Lucillo, 8",VERONA,VERONA,VR,37139,Privata,45.4428188585829,10.9404371992276
FARMACIA DOTT.SSA PALLARO NELLA LARA E C. S.A.S.,"Via Podgora, 16 B",VERONA,VERONA,VR,37127,Privata,45.4382222,10.9935543
FARMACIA LAFARMACIA.SAN GIUSEPPE VERONA SRL,"Viale Spolverini, 2H",VERONA,VERONA,VR,37131,Privata,45.43976858011,11.024116698137
FARMACIA LIO DEL DOTT. LIO GIULIANO E C. SAS,"Via Unita'd'Italia, 169",VERONA,VERONA,VR,37132,Privata,45.4340601,11.0418562
FARMACIA MARTINI DELLA DOTTORESSA FIOCCO PAOLA,"Via Stella, 9",VERONA,VERONA,VR,37121,Privata,45.4411263436584,10.9977061516701
FARMACIA MARTINI S.N.C. DI FIOCCO E ATANASIO,"Via Stella, 9/B",VERONA,VERONA,VR,37121,Privata,45.4411263436584,10.9977061516701
FARMACIA SAN GIUSEPPE DEL DOTT. ZERBINATO GABRIELE SAS,"Viale Spolverini, 2",VERONA,VERONA,VR,37131,Privata,45.43976858011,11.024116698137
FARMACIA SAN MASSIMO S.R.L.,"Via Stanga, 4",VERONA,VERONA,VR,37139,Privata,45.4466654213954,10.944018549203
FARMACIA SANTA TERESA SRL,"Via Centro, 13",VERONA,VERONA,VR,37135,Privata,45.4094180140378,10.9867708322745
"FARMACIA SANTA TOSCANA DEI DOTTORI CASARI ALBERTO, NEGRE ALESSAND RO & C. S.A.S.","Piazza SEDICI OTTOBRE, 31",VERONA,VERONA,VR,37129,Privata,45.44258495,11.00675245
"FARMACIA SANTA TOSCANA DEI DOTTORI CASARI ALBERTO, NEGRE ALESSAND RO & C. S.N.C.","Via San Nazaro, 71",VERONA,VERONA,VR,37129,Privata,45.44258495,11.00675245
FARMACIA VERONA MASSALONGO,"Via Massalongo, 3/C",VERONA,VERONA,VR,37121,Privata,45.515688,11.16360535
FARMACIA VERONA MILLE,"Via DEI MILLE, 22",VERONA,VERONA,VR,37126,Privata,45.4406739,11.1350352
FONGARO,"Via Carlo Cipolla, 11",VERONA,VERONA,VR,37131,Privata,45.4454551183815,11.017347797907
FONGARO SERGIO,"Via Carlo Cipolla, 11",VERONA,VERONA,VR,37131,Privata,45.4454551183815,11.017347797907
Farmacia Centrale di Signorini Luca e Roberto S.A.S.,"Piazza delle Erbe, 20",VERONA,VERONA,VR,37121,Privata,45.4429555646481,10.9971213057976
Farmacia Centrale di Signorini Luca e Roberto S.N.C.,"Piazza delle Erbe, 20",VERONA,VERONA,VR,37121,Privata,45.4429555646481,10.9971213057976
Farmacia Coghi S.r.l.,"Via Iv Novembre, 11",VERONA,VERONA,VR,37126,Privata,45.4611927,11.3185993
Farmacia Linfa S.r.l.,"Corso Porta Nuova, 27",VERONA,VERONA,VR,37122,Privata,45.4342597316147,10.989718616054
Farmacia Sacra Famiglia Dott.ssa Armani Patrizia,Via Vigasio 51,VERONA,VERONA,VR,37121,Privata,45.4398483574068,11.0002188972238
Farmacia San Tomio,"Via Giuseppe Mazzini, 11",VERONA,VERONA,VR,37121,Privata,45.3474690913601,10.8819861366894
GIAROLO,"Via Fedeli, 50",VERONA,VERONA,VR,37132,Privata,45.4382222,10.9935543
GIAROLO,"Via Guglielmi, 5/B",VERONA,VERONA,VR,37132,Privata,45.4382222,10.9935543
INTERNAZIONALE - DR. CAPRI,"Piazza Bra',28",VERONA,VERONA,VR,37121,Privata,45.4210403,10.9740156
INTERNAZIONALE- DR. CAPRI,-,VERONA,VERONA,VR,37121,Privata,45.4210403,10.9740156
LA MIA FARMACIA DI FEDERICA OREGLIA SNC,"Via Murari BrÃ , 53",VERONA,VERONA,VR,37136,Privata,45.4196103447618,10.9727722910656
LA MIA FARMACIA DI FEDERICA OREGLIA SNC,"Via Murari Br, 53",VERONA,VERONA,VR,37136,Privata,45.4196103447618,10.9727722910656
LAFARMACIA.SAN GIUSEPPE VERONA SRL,"Viale Spolverini, 2H",VERONA,VERONA,VR,37131,Privata,45.43976858011,11.024116698137
LAFARMACIA.VERONAFIERE SRL,"Via Murari BrÃ , 53",VERONA,VERONA,VR,37136,Privata,45.4196103447618,10.9727722910656
LIO,"Via Unita'd'Italia, 169",VERONA,VERONA,VR,37132,Privata,45.4340601,11.0418562
La Mia Farmacia Di Federica Oreglia Snc,"Via Murari BrÃ , 53",VERONA,VERONA,VR,37136,Privata,45.4196103447618,10.9727722910656
Lafarmacia.Centrale Verona srl,"Piazza delle Erbe, 20",VERONA,VERONA,VR,37121,Privata,45.4429555646481,10.9971213057976
Lafarmacia.Porta Nuova,"Corso Porta Nuova, 27",VERONA,VERONA,VR,37122,Privata,45.4342597316147,10.989718616054
LloydsFarmacia San Tomio,"Via Giuseppe Mazzini, 11",VERONA,VERONA,VR,37121,Privata,45.3474690913601,10.8819861366894
MADONNA DEL POPOLO,"Via Giuseppe Garibaldi, 20",VERONA,VERONA,VR,37121,Privata,45.3576603,11.2829687
MADONNA DEL POPOLO DEL DOTT. UGOLOTTI ANTONIO E C. SNC,"Via Giuseppe Garibaldi, 20",VERONA,VERONA,VR,37121,Privata,45.3576603,11.2829687
MARCHIORI,"Via Villa Cozza, 28",VERONA,VERONA,VR,37131,Privata,45.449046502929,11.0226313399305
MARTARI MASSIMO & CARLO SNC,"Via dei Mille, 22",VERONA,VERONA,VR,37126,Privata,45.4406739,11.1350352
MARTINI - FIOCCO,"Via Stella, 9",VERONA,VERONA,VR,37121,Privata,45.4411263436584,10.9977061516701
PADOVANI GIANCARLO,-,VERONA,VERONA,VR,37126,Privata,45.4497075752005,10.9929389281721
PADOVANI GIANCARLO E FIGLI SNC,"Via Goffredo Mameli, 39",VERONA,VERONA,VR,37129,Privata,45.4497075752005,10.9929389281721
PALLADIO DEI DR.I GUIDO SPEROTTI E NICOLETTA POMPOLE SNC,"Via Albere, 58",VERONA,VERONA,VR,37138,Privata,45.4277232,10.9580248
PALLADIO S.A.S. DI  POMPOLE   NICOLETTA & C.,"Via Albere, 58",VERONA,VERONA,VR,37138,Privata,45.4277232,10.9580248
PALLADIO S.N.C. DELLA DOTT.SSA NICOLETTA POMPOLE E FIGLIE,"Via Albere, 58",VERONA,VERONA,VR,37138,Privata,45.4277232,10.9580248
PONTE CATENA DI DOTT. MANFRIN FRANCESCO & C SNC,"Via Vasco De Gama, 6/c",VERONA,VERONA,VR,37138,Privata,45.1721545041662,11.2496319537077
PONTE CATENA SNC,"Via Vasco De Gama, 6/c",VERONA,VERONA,VR,37138,Privata,45.1721545041662,11.2496319537077
PONTE PIETRA,"Regaste Redentore, 10",VERONA,VERONA,VR,37129,Privata,45.4473001987862,11.0013018435862
PONTE PIETRA DEI DR.I FERRARI LUCIANO E FERNANDA SNC,"Regaste Redentore, 10",VERONA,VERONA,VR,37129,Privata,45.4473001987862,11.0013018435862
Palladio S.n.c. Della Dott.ssa Nicoletta Pompole E Figlie,"Via Albere, 63",VERONA,VERONA,VR,37138,Privata,45.4277232,10.9580248
REALDON CAV.DOTT. GIAN DOMENICO DI FARMACIE REALDON SAS,"Via Villafranca, 48",VERONA,VERONA,VR,37137,Privata,45.4177654701563,10.9514989098696
REALDON DEL DR. REALDON FEDERICO  C. SNC,"Via Villafranca, 48",VERONA,VERONA,VR,37137,Privata,45.4177654701563,10.9514989098696
ROMA,"Via Centro, 53",VERONA,VERONA,VR,37135,Privata,45.4094180140378,10.9867708322745
S. LUCIA - DR. CHIARAMONTE,"Via Mantovana, 62",VERONA,VERONA,VR,37137,Privata,45.4182529081237,10.9433571746761
S. LUCIA SNC DEL DR. ALBERTO CHIARAMONTE & C.,"Via Mantovana, 62",VERONA,VERONA,VR,37137,Privata,45.4182529081237,10.9433571746761
S. MARCO,"Corso Milano, 143",VERONA,VERONA,VR,37138,Privata,45.3702738366562,11.1288862961952
S. MARCO,-,VERONA,VERONA,VR,37138,Privata,45.3702738366562,11.1288862961952
S. MARCO,"Via A. Gramsci, 6",VERONA,VERONA,VR,37138,Privata,45.3702738366562,11.1288862961952
S. MARTINO - PALLARO,"Piazza Avesa, 1",VERONA,VERONA,VR,37127,Privata,45.4382222,10.9935543
S. MARTINO - PALLARO,"Via Podgora, 16 B",VERONA,VERONA,VR,37127,Privata,45.4382222,10.9935543
S. NAZARO - DORIA,"Via Muro Padri, 56",VERONA,VERONA,VR,37129,Privata,45.4412227417188,11.0080544006836
S. NAZARO S.A.S DI NIGRI MARCO E MATTEO & C.,"Via Muro Padri, 56",VERONA,VERONA,VR,37129,Privata,45.4412227417188,11.0080544006836
S. NAZARO SNC DI NIGRI MARCO E MATTEO & C.,"Via Muro Padri, 56",VERONA,VERONA,VR,37129,Privata,45.4412227417188,11.0080544006836
S. NAZZARO,"Via Muro Padri, 56",VERONA,VERONA,VR,37129,Privata,45.4412227417188,11.0080544006836
S. PANCRAZIO,"Via Galileo Galilei, 70",VERONA,VERONA,VR,37133,Privata,45.4288026018969,10.7612299784761
S. TOMIO DI AZZINI B. & C. SNC,"Via Giuseppe Mazzini, 11",VERONA,VERONA,VR,37121,Privata,45.3474690913601,10.8819861366894
S.TERESA DI FARMACIE REALDON  SAS,"Via Centro, 13",VERONA,VERONA,VR,37135,Privata,45.4094180140378,10.9867708322745
S.TERESA DI FARMACIE REALDON DEL DR.REALDON FEDERICO & C. SNC,"Via Centro, 13",VERONA,VERONA,VR,37135,Privata,45.4094180140378,10.9867708322745
SAN FERMO - CAVAGGIONI,"Stradone S.Fermo, 40",VERONA,VERONA,VR,37121,Privata,45.438736578755,10.9987484923345
SAN FERMO SNC DI CAVAGGIONI MARCO E C.,"Stradone S.Fermo, 40",VERONA,VERONA,VR,37121,Privata,45.438736578755,10.9987484923345
SAN GIUSEPPE,"Viale Spolverini, 2",VERONA,VERONA,VR,37131,Privata,45.43976858011,11.024116698137
SAN LUCA,"Corso Porta Nuova, 27",VERONA,VERONA,VR,37122,Privata,45.4342597316147,10.989718616054
SAN MASSIMO S.D.F.,"Via Stanga, 4",VERONA,VERONA,VR,37139,Privata,45.4466654213954,10.944018549203
SAN MASSIMO SAS DI PRATI UGO,"Via Stanga, 4",VERONA,VERONA,VR,37139,Privata,45.4466654213954,10.944018549203
SAN PANCRAZIO SAS DI SARTORARI FRANCESCO & C,"Via Galileo Galilei, 70",VERONA,VERONA,VR,37133,Privata,45.4288026018969,10.7612299784761
SAN PAOLO,"Via San Vitale, 1/a",VERONA,VERONA,VR,37129,Privata,45.4404815603166,11.0041909773678
SAN PAOLO SNC,"Via San Vitale, 1/a",VERONA,VERONA,VR,37129,Privata,45.4404815603166,11.0041909773678
SAN ZENO SNC DI SEMBENINI FABIO & C.,"Piazza Pozza, 6/b",VERONA,VERONA,VR,37123,Privata,45.4413288,10.9785311
SAN ZENO SNC DI SEMBENINI FABIO & C.,"Piazza Corrubbio, 1",VERONA,VERONA,VR,37123,Privata,45.4413288,10.9785311
SANT'ANASTASIA,"Via Massalongo, 3/c",VERONA,VERONA,VR,37121,Privata,45.515688,11.16360535
SANT'ANNA DI FACCIOLI A. & C.,"Via  Alvise da Mosto, 27",VERONA,VERONA,VR,37138,Privata,45.4476971934741,10.9694713250729
SANT'ANTONIO,"Via Col. Giovanni Fincato, 66",VERONA,VERONA,VR,37131,Privata,45.4382222,10.9935543
SANTA CHIARA DI IVANA ZOPPI  & C. SNC,"Via Montorio, 59/A",VERONA,VERONA,VR,37131,Privata,45.4469549932709,11.030744341705
SANTA CHIARA DI PACENTI N. E S. SAS,"Via Montorio, 59/A",VERONA,VERONA,VR,37131,Privata,45.4469549932709,11.030744341705
SANTA CHIARA DI ZOPPI I. & C.,"Via Montorio, 64",VERONA,VERONA,VR,37131,Privata,45.4469549932709,11.030744341705
SOAVE ANTONIO,"Via S. Lucillo, 8",VERONA,VERONA,VR,37139,Privata,45.4428188585829,10.9404371992276
SOPRANA,"Largo Stazione Vecchia, 6",VERONA,VERONA,VR,37124,Privata,45.4770724,10.9473697
SOPRANA,"Largo Stazione Vecchia, 6",VERONA,VERONA,VR,37025,Privata,45.4770724,10.9473697
SS. APOSTOLI - DR. CAPRI,"Corso Cavour, 14",VERONA,VERONA,VR,37121,Privata,45.3722111847802,11.1338905158196
SS. APOSTOLI SNC DI CAPRI DR.SSA ARIANNA & C,"Corso Cavour, 14",VERONA,VERONA,VR,37121,Privata,45.3722111847802,11.1338905158196
BASSETTO,"Via San Marcello, 6",VERONELLA,VERONA,VR,37040,Privata,45.3276179199047,11.3351618132127
BASSETTO DI VERONELLA E ZIMELLA DEI DOTTRI BASSETTO  E RAUCO SNC,"Via San Marcello, 6",VERONELLA,VERONA,VR,37040,Privata,45.3276179199047,11.3351618132127
BASSETTO MATTEO,"Via San Marcello, 4",VERONELLA,VERONA,VR,37040,Privata,45.3276179199047,11.3351618132127
EREDI BASSETTO GIUSEPPE,"Via San Marcello, 2/A",VERONELLA,VERONA,VR,37040,Privata,45.3276179199047,11.3351618132127
FARMACIA VERONELLA MARCELLO,"Via SAN MARCELLO, 6",VERONELLA,VERONA,VR,37040,Privata,45.3276179199047,11.3351618132127
NUOVE FARMACIE BASSETTO SRL,"Via SAN MARCELLO, 4",VERONELLA,VERONA,VR,37040,Privata,45.3276179199047,11.3351618132127
ANSELMI ALESSANDRO,"Via Monte Grappa, 13",VESTENANOVA,VERONA,VR,37030,Privata,45.573564,11.228253
ANSELMI ALESSANDRO,"Via Monte Grappa, 7",VESTENANOVA,VERONA,VR,37030,Privata,45.573564,11.228253
COMUNALE E. BASSINI,"Piazza Albino Luciani, 6",VIGASIO,VERONA,VR,37068,Privata,45.3245481269612,10.9405690541587
Comunale E. Bassini,"Piazza Albino Luciani, 6",VIGASIO,VERONA,VR,37068,Privata,45.3245481269612,10.9405690541587
FERRON DOTT.SSA LAURA,"Via Risorgimento, 2/a",VIGASIO,VERONA,VR,37068,Privata,45.3178810459574,10.9470188565429
ALL'ANGELO,"Corso Fraccaroli, 133",VILLA BARTOLOMEA,VERONA,VR,37049,Privata,45.1576327,11.3520316
DE TOMI FRANCESCO,"Largo don Maestrello, 26",VILLA BARTOLOMEA,VERONA,VR,37040,Privata,45.1189794102149,11.3512163642322
FARMACIA DE VECCHI DI ROSSIGNOLI CARLA E C. SNC,"Corso FRACCAROLI, 133",VILLA BARTOLOMEA,VERONA,VR,37049,Privata,45.1576327,11.3520316
FARMACIA DOTT. DE TOMI DEL DOTT. FRANCESCO DE TOMI E C. SNC,"Largo don Maestrello, 26",VILLA BARTOLOMEA,VERONA,VR,37040,Privata,45.1189794102149,11.3512163642322
AL GIGLIO - MAGALINI,"Corso Vittorio Emanuele, 222",VILLAFRANCA DI VERONA,VERONA,VR,37069,Privata,45.3606059335551,10.8509404301651
"AL GIGLIO SNC DI MAGALINI VITTORIO,LEONARDO,ANNAMARIA & C.","Corso Vittorio Emanuele, 222",VILLAFRANCA DI VERONA,VERONA,VR,37069,Privata,45.3606059335551,10.8509404301651
AMAFARMACIA MORTARI,"Via della Pace, 29",VILLAFRANCA DI VERONA,VERONA,VR,37069,Privata,45.352866446302,10.8420292119058
COMUNALE DOSSOBUONO,"Via Stazione, 34",VILLAFRANCA DI VERONA,VERONA,VR,37062,Privata,45.3913786869071,10.915668152219
COMUNALE DOSSOBUONO G.S.I. GESTIONE SERVIZI INTEGRATI SRL,"Via Stazione, 34",VILLAFRANCA DI VERONA,VERONA,VR,37062,Privata,45.3913786869071,10.915668152219
COMUNALE DOSSOBUONO G.S.I. SRL,"Via Stazione, 34",VILLAFRANCA DI VERONA,VERONA,VR,37062,Privata,45.3913786869071,10.915668152219
COMUNALE DR. MARTINELLI,"Corso Vittorio Emanuele, 236",VILLAFRANCA DI VERONA,VERONA,VR,37069,Privata,45.3606059335551,10.8509404301651
COMUNALE MARTINELLI G.S.I. GESTIONE SERVIZI INTEGRATI SRL,"Corso Vittorio Emanuele, 236",VILLAFRANCA DI VERONA,VERONA,VR,37069,Privata,45.3606059335551,10.8509404301651
COMUNALE MARTINELLI G.S.I. SRL,"Corso Vittorio Emanuele, 236",VILLAFRANCA DI VERONA,VERONA,VR,37069,Privata,45.3606059335551,10.8509404301651
FARMACIA MERCANTI SNC DI MERCANTI E. & C.,"Strada La Rizza, 208-Angolo Via Poiani",VILLAFRANCA DI VERONA,VERONA,VR,37069,Privata,45.3606059335551,10.8509404301651
MADONNA DEL POPOLO,"Via Marsala, 23",VILLAFRANCA DI VERONA,VERONA,VR,37062,Privata,45.3576392686806,10.8386036993052
MADONNA DEL POPOLO FRASCINO S.N.C. DEI DOTTORI GIUSEPPE E VINCENZO LE VOCI,"Via Marsala, 23",VILLAFRANCA DI VERONA,VERONA,VR,37069,Privata,45.3576392686806,10.8386036993052
MADONNA DEL POPOLO SNC,"Via Marsala, 23",VILLAFRANCA DI VERONA,VERONA,VR,37062,Privata,45.3576392686806,10.8386036993052
MADONNA DEL POPOLO SNC DELLA DOTT.SSA DINA FRASCINO E C.,"Via Marsala, 23",VILLAFRANCA DI VERONA,VERONA,VR,37062,Privata,45.3576392686806,10.8386036993052
MERCANTI,"Via Rizza, 212",VILLAFRANCA DI VERONA,VERONA,VR,37069,Privata,45.3606059335551,10.8509404301651
MERCANTI,"Strada La Rizza, 208-Angolo Via Poiani",VILLAFRANCA DI VERONA,VERONA,VR,37069,Privata,45.3606059335551,10.8509404301651
MODERNA - MORTARI GIOVANNI,"Via Pace, 29",VILLAFRANCA DI VERONA,VERONA,VR,37069,Privata,45.352866446302,10.8420292119058
MORTARI DOTT. FRANCESCO CONDOLEO MORTARI,"Via della Pace, 29",VILLAFRANCA DI VERONA,VERONA,VR,37069,Privata,45.352866446302,10.8420292119058
PARMIGIANI ROSANNA,"Via A. De Amicis, 22",VILLAFRANCA DI VERONA,VERONA,VR,37069,Privata,45.3606059335551,10.8509404301651
PARMIGIANI ROSANNA,"Via A. De Amicis, 4",VILLAFRANCA DI VERONA,VERONA,VR,37069,Privata,45.3606059335551,10.8509404301651
PERETTI & C. S.N.C.,"Via Cavour, 86",VILLAFRANCA DI VERONA,VERONA,VR,37069,Privata,45.3974090405182,10.9152725685447
DELLA MADONNA,-,ZEVIO,VERONA,VR,37059,Privata,45.3629456349718,11.1233045491946
DELLA MADONNA DI PEROLO CHIARA E GIOVANNI SNC,"Piazza Guglielmo Marconi, 2",ZEVIO,VERONA,VR,37059,Privata,45.3629456349718,11.1233045491946
FMP DI MARCHESINI PAOLO,"Via I Maggio, 8/a",ZEVIO,VERONA,VR,37059,Privata,45.3629456349718,11.1233045491946
Fmp Di Marchesini Paolo,"Via Ideg Maggio, 8/a",ZEVIO,VERONA,VR,37059,Privata,45.3629456349718,11.1233045491946
Fmp Di Marchesini Paolo,"Via IÂ° Maggio, 8/a",ZEVIO,VERONA,VR,37059,Privata,45.3629456349718,11.1233045491946
SAN PIETRO E PAOLO SNC,"Piazza S. Toscana, 26",ZEVIO,VERONA,VR,37059,Privata,45.3629456349718,11.1233045491946
SAN PIETRO E PAOLO SNC,"Via Altichiero, 42",ZEVIO,VERONA,VR,37059,Privata,45.3629456349718,11.1233045491946
SANTAMARIA FMP SNC DI MARCHESINI PAOLO & C.,Via IÂ° Maggio 8/a,ZEVIO,VERONA,VR,37059,Privata,45.3629456349718,11.1233045491946
SANTAMARIA SNC Dr. Marchesini Paolo,"Via IÂ° Maggio, 8/A",ZEVIO,VERONA,VR,37059,Privata,45.3629456349718,11.1233045491946
BASSETTO DEL DR. BASSETTO ZENO E C. SAS,"Via Martiri Liberta', 4",ZIMELLA,VERONA,VR,37040,Privata,45.3481609236028,11.3583445178236
BASSETTO DI VERONELLA E ZIMELLA DEI DOTTRI BASSETTO  E RAUCO SNC,"Via Martiri Liberta', 76",ZIMELLA,VERONA,VR,37040,Privata,45.3481609236028,11.3583445178236
BASSETTO ZENO,"Via Martiri Liberta', 4",ZIMELLA,VERONA,VR,37040,Privata,45.3481609236028,11.3583445178236
FARMACIA ZIMELLA - LIBERTA',"Via Martiri Liberta', 76",ZIMELLA,VERONA,VR,37040,Privata,45.3481609236028,11.3583445178236
Farmacia Gallo Dott.ssa Silvia,"Via Dei Dogi, 23",ZIMELLA,VERONA,VR,37040,Privata,45.3334698596849,11.3735242493909
RAUCO,"Via Martiri Liberta', 4",ZIMELLA,VERONA,VR,37040,Privata,45.3481609236028,11.3583445178236
ZIMELLA  DI GALLO SILVIA,"Via Molini, 126",ZIMELLA,VERONA,VR,37040,Privata,45.3334698596849,11.3735242493909
ZIMELLA S.R.L.,"Via Molini, 16",ZIMELLA,VERONA,VR,37040,Privata,45.3334698596849,11.3735242493909
ZIMELLA SNC DI GALLO SILVIA,"Via Molini, 126",ZIMELLA,VERONA,VR,37040,Privata,45.3334698596849,11.3735242493909
